intersect_bp,jaccard,max_containment,f_query_match,f_match_query,match_filename,match_name,match_md5,match_bp,query_filename,query_name,query_md5,query_bp,ksize,moltype,scaled,query_n_hashes,query_abundance,query_containment_ani,match_containment_ani,average_containment_ani,max_containment_ani,potential_false_negative
1000,0.0002898550724637681,0.007874015748031496,0.007874015748031496,0.00030084235860409147,../db.crop-plant-entrez-ref.fasta.bz2,"NC_039694.1 Capsicum pubescens chloroplast, complete genome",6488123c,129800,input/weight_loss/ERR11520723_2.fastq.gz,ERR11520723,606a4d33,3324000,51,DNA,1000,3324,False,0.8529976274931509,0.9093874295165494,0.8811925285048501,0.9093874295165494,True
1000,0.00028993911278631486,0.007936507936507936,0.007936507936507936,0.00030084235860409147,../db.crop-plant-entrez-ref.fasta.bz2,"NC_039692.1 Capsicum baccatum var. pendulum chloroplast, complete genome",fae17aeb,129500,input/weight_loss/ERR11520723_2.fastq.gz,ERR11520723,606a4d33,3324000,51,DNA,1000,3324,False,0.8529976274931509,0.9095283986940155,0.8812630130935832,0.9095283986940155,True
1000,0.00028951939779965256,0.007633587786259542,0.007633587786259542,0.00030084235860409147,../db.crop-plant-entrez-ref.fasta.bz2,"NC_018552.1 Capsicum annuum chloroplast, complete genome",99bd47dc,127900,input/weight_loss/ERR11520723_2.fastq.gz,ERR11520723,606a4d33,3324000,51,DNA,1000,3324,False,0.8529976274931509,0.908834650149845,0.8809161388214979,0.908834650149845,True
