intersect_bp,jaccard,max_containment,f_query_match,f_match_query,match_filename,match_name,match_md5,match_bp,query_filename,query_name,query_md5,query_bp,ksize,moltype,scaled,query_n_hashes,query_abundance,query_containment_ani,match_containment_ani,average_containment_ani,max_containment_ani,potential_false_negative
1000,0.00037064492216456633,0.008695652173913044,0.008695652173913044,0.0003869969040247678,../db.crop-plant-entrez-ref.fasta.bz2,"NC_046838.1 Salvia hispanica chloroplast, complete genome",49d40404,123200,input/weight_loss/ERR11520727_2.fastq.gz,ERR11520727,61ea83f9,2584000,51,DNA,1000,2584,False,0.8572200170238059,0.9111589805028507,0.8841894987633283,0.9111589805028507,True
1000,0.00036900369003690036,0.007874015748031496,0.007874015748031496,0.0003869969040247678,../db.crop-plant-entrez-ref.fasta.bz2,"NC_039694.1 Capsicum pubescens chloroplast, complete genome",6488123c,129800,input/weight_loss/ERR11520727_2.fastq.gz,ERR11520727,61ea83f9,2584000,51,DNA,1000,2584,False,0.8572200170238059,0.9093874295165494,0.8833037232701777,0.9093874295165494,True
1000,0.00036913990402362494,0.007936507936507936,0.007936507936507936,0.0003869969040247678,../db.crop-plant-entrez-ref.fasta.bz2,"NC_039692.1 Capsicum baccatum var. pendulum chloroplast, complete genome",fae17aeb,129500,input/weight_loss/ERR11520727_2.fastq.gz,ERR11520727,61ea83f9,2584000,51,DNA,1000,2584,False,0.8572200170238059,0.9095283986940155,0.8833742078589106,0.9095283986940155,True
1000,0.00037037037037037035,0.008547008547008548,0.008547008547008548,0.0003869969040247678,../db.crop-plant-entrez-ref.fasta.bz2,"NC_029850.1 Coriandrum sativum chloroplast, complete genome",e08bca52,128500,input/weight_loss/ERR11520727_2.fastq.gz,ERR11520727,61ea83f9,2584000,51,DNA,1000,2584,False,0.8572200170238059,0.9108509928265499,0.8840355049251779,0.9108509928265499,True
1000,0.00036845983787767134,0.007633587786259542,0.007633587786259542,0.0003869969040247678,../db.crop-plant-entrez-ref.fasta.bz2,"NC_018552.1 Capsicum annuum chloroplast, complete genome",99bd47dc,127900,input/weight_loss/ERR11520727_2.fastq.gz,ERR11520727,61ea83f9,2584000,51,DNA,1000,2584,False,0.8572200170238059,0.908834650149845,0.8830273335868255,0.908834650149845,True
