intersect_bp,jaccard,max_containment,f_query_match,f_match_query,match_filename,match_name,match_md5,match_bp,query_filename,query_name,query_md5,query_bp,ksize,moltype,scaled,query_n_hashes,query_abundance,query_containment_ani,match_containment_ani,average_containment_ani,max_containment_ani,potential_false_negative
1000,0.0003023888720895071,0.007874015748031496,0.007874015748031496,0.00031436655139893113,../db.crop-plant-entrez-ref.fasta.bz2,"NC_039694.1 Capsicum pubescens chloroplast, complete genome",6488123c,129800,input/weight_loss/ERR11520725_2.fastq.gz,ERR11520725,fd2c8b16,3181000,51,DNA,1000,3181,False,0.853733417008184,0.9093874295165494,0.8815604232623666,0.9093874295165494,True
1000,0.00030248033877797946,0.007936507936507936,0.007936507936507936,0.00031436655139893113,../db.crop-plant-entrez-ref.fasta.bz2,"NC_039692.1 Capsicum baccatum var. pendulum chloroplast, complete genome",fae17aeb,129500,input/weight_loss/ERR11520725_2.fastq.gz,ERR11520725,fd2c8b16,3181000,51,DNA,1000,3181,False,0.853733417008184,0.9095283986940155,0.8816309078510998,0.9095283986940155,True
1000,0.0003020235578375113,0.007633587786259542,0.007633587786259542,0.00031436655139893113,../db.crop-plant-entrez-ref.fasta.bz2,"NC_018552.1 Capsicum annuum chloroplast, complete genome",99bd47dc,127900,input/weight_loss/ERR11520725_2.fastq.gz,ERR11520725,fd2c8b16,3181000,51,DNA,1000,3181,False,0.853733417008184,0.908834650149845,0.8812840335790144,0.908834650149845,True
