intersect_bp,jaccard,max_containment,f_query_match,f_match_query,match_filename,match_name,match_md5,match_bp,query_filename,query_name,query_md5,query_bp,ksize,moltype,scaled,query_n_hashes,query_abundance,query_containment_ani,match_containment_ani,average_containment_ani,max_containment_ani,potential_false_negative
1000,0.00034246575342465754,0.007874015748031496,0.007874015748031496,0.00035790980672870435,../db.crop-plant-entrez-ref.fasta.bz2,"NC_039694.1 Capsicum pubescens chloroplast, complete genome",6488123c,129800,input/weight_loss/ERR11520713_2.fastq.gz,ERR11520713,d9106e95,2794000,51,DNA,1000,2794,False,0.8559076997279218,0.9093874295165494,0.8826475646222356,0.9093874295165494,True
1000,0.00034258307639602604,0.007936507936507936,0.007936507936507936,0.00035790980672870435,../db.crop-plant-entrez-ref.fasta.bz2,"NC_039692.1 Capsicum baccatum var. pendulum chloroplast, complete genome",fae17aeb,129500,input/weight_loss/ERR11520713_2.fastq.gz,ERR11520713,d9106e95,2794000,51,DNA,1000,2794,False,0.8559076997279218,0.9095283986940155,0.8827180492109686,0.9095283986940155,True
1000,0.0003436426116838488,0.008547008547008548,0.008547008547008548,0.00035790980672870435,../db.crop-plant-entrez-ref.fasta.bz2,"NC_029850.1 Coriandrum sativum chloroplast, complete genome",e08bca52,128500,input/weight_loss/ERR11520713_2.fastq.gz,ERR11520713,d9106e95,2794000,51,DNA,1000,2794,False,0.8559076997279218,0.9108509928265499,0.8833793462772359,0.9108509928265499,True
1000,0.0003419972640218878,0.007633587786259542,0.007633587786259542,0.00035790980672870435,../db.crop-plant-entrez-ref.fasta.bz2,"NC_018552.1 Capsicum annuum chloroplast, complete genome",99bd47dc,127900,input/weight_loss/ERR11520713_2.fastq.gz,ERR11520713,d9106e95,2794000,51,DNA,1000,2794,False,0.8559076997279218,0.908834650149845,0.8823711749388834,0.908834650149845,True
