intersect_bp,jaccard,max_containment,f_query_match,f_match_query,match_filename,match_name,match_md5,match_bp,query_filename,query_name,query_md5,query_bp,ksize,moltype,scaled,query_n_hashes,query_abundance,query_containment_ani,match_containment_ani,average_containment_ani,max_containment_ani,potential_false_negative
1000,0.0003333333333333333,0.007874015748031496,0.007874015748031496,0.0003479471120389701,../db.crop-plant-entrez-ref.fasta.bz2,"NC_039694.1 Capsicum pubescens chloroplast, complete genome",6488123c,129800,input/weight_loss/ERR11520711_2.fastq.gz,ERR11520711,31366e7d,2874000,51,DNA,1000,2874,False,0.8554340519045142,0.9093874295165494,0.8824107407105317,0.9093874295165494,True
1000,0.00033344448149383126,0.007936507936507936,0.007936507936507936,0.0003479471120389701,../db.crop-plant-entrez-ref.fasta.bz2,"NC_039692.1 Capsicum baccatum var. pendulum chloroplast, complete genome",fae17aeb,129500,input/weight_loss/ERR11520711_2.fastq.gz,ERR11520711,31366e7d,2874000,51,DNA,1000,2874,False,0.8554340519045142,0.9095283986940155,0.8824812252992649,0.9095283986940155,True
1000,0.00033288948069241014,0.007633587786259542,0.007633587786259542,0.0003479471120389701,../db.crop-plant-entrez-ref.fasta.bz2,"NC_018552.1 Capsicum annuum chloroplast, complete genome",99bd47dc,127900,input/weight_loss/ERR11520711_2.fastq.gz,ERR11520711,31366e7d,2874000,51,DNA,1000,2874,False,0.8554340519045142,0.908834650149845,0.8821343510271795,0.908834650149845,True
