intersect_bp,jaccard,max_containment,f_query_match,f_match_query,match_filename,match_name,match_md5,match_bp,query_filename,query_name,query_md5,query_bp,ksize,moltype,scaled,query_n_hashes,query_abundance,query_containment_ani,match_containment_ani,average_containment_ani,max_containment_ani,potential_false_negative
1000,0.0002835270768358378,0.008928571428571428,0.008928571428571428,0.0002927400468384075,../db.crop-plant-entrez-ref.fasta.bz2,"NC_054176.1 Mucuna pruriens plastid, complete genome",a830bace,132500,input/weight_loss/ERR11520716_2.fastq.gz,ERR11520716,b3993045,3416000,51,DNA,1000,3416,False,0.8525411216826101,0.9116313558407262,0.8820862387616681,0.9116313558407262,True
1000,0.00028312570781426955,0.008547008547008548,0.008547008547008548,0.0002927400468384075,../db.crop-plant-entrez-ref.fasta.bz2,"NC_029850.1 Coriandrum sativum chloroplast, complete genome",e08bca52,128500,input/weight_loss/ERR11520716_2.fastq.gz,ERR11520716,b3993045,3416000,51,DNA,1000,3416,False,0.8525411216826101,0.9108509928265499,0.88169605725458,0.9108509928265499,True
1000,0.00028392958546280523,0.009345794392523364,0.009345794392523364,0.0002927400468384075,../db.crop-plant-entrez-ref.fasta.bz2,"NC_007942.1 Glycine max chloroplast, complete genome",a8cbe4aa,126300,input/weight_loss/ERR11520716_2.fastq.gz,ERR11520716,b3993045,3416000,51,DNA,1000,3416,False,0.8525411216826101,0.9124480790702567,0.8824946003764333,0.9124480790702567,True
