intersect_bp,jaccard,max_containment,f_query_match,f_match_query,match_filename,match_name,match_md5,match_bp,query_filename,query_name,query_md5,query_bp,ksize,moltype,scaled,query_n_hashes,query_abundance,query_containment_ani,match_containment_ani,average_containment_ani,max_containment_ani,potential_false_negative
1000,0.0004306632213608958,0.007874015748031496,0.007874015748031496,0.0004553734061930783,../db.crop-plant-entrez-ref.fasta.bz2,"NC_039694.1 Capsicum pubescens chloroplast, complete genome",6488123c,129800,input/weight_loss/ERR11520700_2.fastq.gz,ERR11520700,5fc75d0e,2196000,51,DNA,1000,2196,False,0.8599591016293318,0.9093874295165494,0.8846732655729406,0.9093874295165494,True
1000,0.00043084877208099956,0.007936507936507936,0.007936507936507936,0.0004553734061930783,../db.crop-plant-entrez-ref.fasta.bz2,"NC_039692.1 Capsicum baccatum var. pendulum chloroplast, complete genome",fae17aeb,129500,input/weight_loss/ERR11520700_2.fastq.gz,ERR11520700,5fc75d0e,2196000,51,DNA,1000,2196,False,0.8599591016293318,0.9095283986940155,0.8847437501616736,0.9095283986940155,True
1000,0.00043252595155709344,0.008547008547008548,0.008547008547008548,0.0004553734061930783,../db.crop-plant-entrez-ref.fasta.bz2,"NC_029850.1 Coriandrum sativum chloroplast, complete genome",e08bca52,128500,input/weight_loss/ERR11520700_2.fastq.gz,ERR11520700,5fc75d0e,2196000,51,DNA,1000,2196,False,0.8599591016293318,0.9108509928265499,0.8854050472279409,0.9108509928265499,True
1000,0.0004299226139294927,0.007633587786259542,0.007633587786259542,0.0004553734061930783,../db.crop-plant-entrez-ref.fasta.bz2,"NC_018552.1 Capsicum annuum chloroplast, complete genome",99bd47dc,127900,input/weight_loss/ERR11520700_2.fastq.gz,ERR11520700,5fc75d0e,2196000,51,DNA,1000,2196,False,0.8599591016293318,0.908834650149845,0.8843968758895884,0.908834650149845,True
