intersect_bp,jaccard,max_containment,f_query_match,f_match_query,match_filename,match_name,match_md5,match_bp,query_filename,query_name,query_md5,query_bp,ksize,moltype,scaled,query_n_hashes,query_abundance,query_containment_ani,match_containment_ani,average_containment_ani,max_containment_ani,potential_false_negative
1000,0.00026567481402763017,0.008928571428571428,0.008928571428571428,0.0002737476047084588,../db.crop-plant-entrez-ref.fasta.bz2,"NC_054176.1 Mucuna pruriens plastid, complete genome",a830bace,132500,input/weight_loss/ERR11520719_2.fastq.gz,ERR11520719,2c2c830c,3653000,51,DNA,1000,3653,False,0.8514205419955914,0.9116313558407262,0.8815259489181588,0.9116313558407262,True
1000,0.00026371308016877635,0.007142857142857143,0.007142857142857143,0.0002737476047084588,../db.crop-plant-entrez-ref.fasta.bz2,"NC_053353.1 Abelmoschus manihot chloroplast, complete genome",2dfc417d,140800,input/weight_loss/ERR11520719_2.fastq.gz,ERR11520719,2c2c830c,3653000,51,DNA,1000,3653,False,0.8514205419955914,0.9076513503870351,0.8795359461913133,0.9076513503870351,True
1000,0.00026371308016877635,0.007142857142857143,0.007142857142857143,0.0002737476047084588,../db.crop-plant-entrez-ref.fasta.bz2,"NC_035234.1 Abelmoschus esculentus chloroplast, complete genome",7a1db625,139800,input/weight_loss/ERR11520719_2.fastq.gz,ERR11520719,2c2c830c,3653000,51,DNA,1000,3653,False,0.8514205419955914,0.9076513503870351,0.8795359461913133,0.9076513503870351,True
1000,0.0002653223666755107,0.008547008547008548,0.008547008547008548,0.0002737476047084588,../db.crop-plant-entrez-ref.fasta.bz2,"NC_029850.1 Coriandrum sativum chloroplast, complete genome",e08bca52,128500,input/weight_loss/ERR11520719_2.fastq.gz,ERR11520719,2c2c830c,3653000,51,DNA,1000,3653,False,0.8514205419955914,0.9108509928265499,0.8811357674110707,0.9108509928265499,True
1000,0.00026602819898909286,0.009345794392523364,0.009345794392523364,0.0002737476047084588,../db.crop-plant-entrez-ref.fasta.bz2,"NC_007942.1 Glycine max chloroplast, complete genome",a8cbe4aa,126300,input/weight_loss/ERR11520719_2.fastq.gz,ERR11520719,2c2c830c,3653000,51,DNA,1000,3653,False,0.8514205419955914,0.9124480790702567,0.881934310532924,0.9124480790702567,True
