intersect_bp,jaccard,max_containment,f_query_match,f_match_query,match_filename,match_name,match_md5,match_bp,query_filename,query_name,query_md5,query_bp,ksize,moltype,scaled,query_n_hashes,query_abundance,query_containment_ani,match_containment_ani,average_containment_ani,max_containment_ani,potential_false_negative
1000,0.0006430868167202572,0.007874015748031496,0.007874015748031496,0.0006997900629811056,../db.crop-plant-entrez-ref.fasta.bz2,"NC_039694.1 Capsicum pubescens chloroplast, complete genome",6488123c,129800,input/weight_loss/ERR11520709_2.fastq.gz,ERR11520709,d47ebdb6,1429000,51,DNA,1000,1429,False,0.8672346527325173,0.9093874295165494,0.8883110411245334,0.9093874295165494,True
1000,0.0006435006435006435,0.007936507936507936,0.007936507936507936,0.0006997900629811056,../db.crop-plant-entrez-ref.fasta.bz2,"NC_039692.1 Capsicum baccatum var. pendulum chloroplast, complete genome",fae17aeb,129500,input/weight_loss/ERR11520709_2.fastq.gz,ERR11520709,d47ebdb6,1429000,51,DNA,1000,1429,False,0.8672346527325173,0.9095283986940155,0.8883815257132663,0.9095283986940155,True
1000,0.0006472491909385113,0.008547008547008548,0.008547008547008548,0.0006997900629811056,../db.crop-plant-entrez-ref.fasta.bz2,"NC_029850.1 Coriandrum sativum chloroplast, complete genome",e08bca52,128500,input/weight_loss/ERR11520709_2.fastq.gz,ERR11520709,d47ebdb6,1429000,51,DNA,1000,1429,False,0.8672346527325173,0.9108509928265499,0.8890428227795336,0.9108509928265499,True
1000,0.0006414368184733803,0.007633587786259542,0.007633587786259542,0.0006997900629811056,../db.crop-plant-entrez-ref.fasta.bz2,"NC_018552.1 Capsicum annuum chloroplast, complete genome",99bd47dc,127900,input/weight_loss/ERR11520709_2.fastq.gz,ERR11520709,d47ebdb6,1429000,51,DNA,1000,1429,False,0.8672346527325173,0.908834650149845,0.8880346514411812,0.908834650149845,True
