intersect_bp,jaccard,max_containment,f_query_match,f_match_query,match_filename,match_name,match_md5,match_bp,query_filename,query_name,query_md5,query_bp,ksize,moltype,scaled,query_n_hashes,query_abundance,query_containment_ani,match_containment_ani,average_containment_ani,max_containment_ani,potential_false_negative
1000,0.0002955956251847473,0.008928571428571428,0.008928571428571428,0.0003056234718826406,../db.crop-plant-entrez-ref.fasta.bz2,"NC_054176.1 Mucuna pruriens plastid, complete genome",a830bace,132500,input/weight_loss/ERR11520722_2.fastq.gz,ERR11520722,705b1235,3272000,51,DNA,1000,3272,False,0.8532613859985355,0.9116313558407262,0.8824463709196309,0.9116313558407262,True
1000,0.0002942907592701589,0.007874015748031496,0.007874015748031496,0.0003056234718826406,../db.crop-plant-entrez-ref.fasta.bz2,"NC_039694.1 Capsicum pubescens chloroplast, complete genome",6488123c,129800,input/weight_loss/ERR11520722_2.fastq.gz,ERR11520722,705b1235,3272000,51,DNA,1000,3272,False,0.8532613859985355,0.9093874295165494,0.8813244077575424,0.9093874295165494,True
1000,0.00029437739181630853,0.007936507936507936,0.007936507936507936,0.0003056234718826406,../db.crop-plant-entrez-ref.fasta.bz2,"NC_039692.1 Capsicum baccatum var. pendulum chloroplast, complete genome",fae17aeb,129500,input/weight_loss/ERR11520722_2.fastq.gz,ERR11520722,705b1235,3272000,51,DNA,1000,3272,False,0.8532613859985355,0.9095283986940155,0.8813948923462755,0.9095283986940155,True
1000,0.00029394473838918284,0.007633587786259542,0.007633587786259542,0.0003056234718826406,../db.crop-plant-entrez-ref.fasta.bz2,"NC_018552.1 Capsicum annuum chloroplast, complete genome",99bd47dc,127900,input/weight_loss/ERR11520722_2.fastq.gz,ERR11520722,705b1235,3272000,51,DNA,1000,3272,False,0.8532613859985355,0.908834650149845,0.8810480180741902,0.908834650149845,True
1000,0.0002960331557134399,0.009345794392523364,0.009345794392523364,0.0003056234718826406,../db.crop-plant-entrez-ref.fasta.bz2,"NC_007942.1 Glycine max chloroplast, complete genome",a8cbe4aa,126300,input/weight_loss/ERR11520722_2.fastq.gz,ERR11520722,705b1235,3272000,51,DNA,1000,3272,False,0.8532613859985355,0.9124480790702567,0.8828547325343961,0.9124480790702567,True
