intersect_bp,jaccard,max_containment,f_query_match,f_match_query,match_filename,match_name,match_md5,match_bp,query_filename,query_name,query_md5,query_bp,ksize,moltype,scaled,query_n_hashes,query_abundance,query_containment_ani,match_containment_ani,average_containment_ani,max_containment_ani,potential_false_negative
1000,0.0004380201489268506,0.007874015748031496,0.007874015748031496,0.0004636068613815484,../db.crop-plant-entrez-ref.fasta.bz2,"NC_039694.1 Capsicum pubescens chloroplast, complete genome",6488123c,129800,input/weight_loss/ERR11520714_2.fastq.gz,ERR11520714,ed84a812,2157000,51,DNA,1000,2157,False,0.8602613065111361,0.9093874295165494,0.8848243680138428,0.9093874295165494,True
1000,0.00043821209465381246,0.007936507936507936,0.007936507936507936,0.0004636068613815484,../db.crop-plant-entrez-ref.fasta.bz2,"NC_039692.1 Capsicum baccatum var. pendulum chloroplast, complete genome",fae17aeb,129500,input/weight_loss/ERR11520714_2.fastq.gz,ERR11520714,ed84a812,2157000,51,DNA,1000,2157,False,0.8602613065111361,0.9095283986940155,0.8848948526025757,0.9095283986940155,True
1000,0.0004399472063352398,0.008547008547008548,0.008547008547008548,0.0004636068613815484,../db.crop-plant-entrez-ref.fasta.bz2,"NC_029850.1 Coriandrum sativum chloroplast, complete genome",e08bca52,128500,input/weight_loss/ERR11520714_2.fastq.gz,ERR11520714,ed84a812,2157000,51,DNA,1000,2157,False,0.8602613065111361,0.9108509928265499,0.885556149668843,0.9108509928265499,True
1000,0.00043725404459991256,0.007633587786259542,0.007633587786259542,0.0004636068613815484,../db.crop-plant-entrez-ref.fasta.bz2,"NC_018552.1 Capsicum annuum chloroplast, complete genome",99bd47dc,127900,input/weight_loss/ERR11520714_2.fastq.gz,ERR11520714,ed84a812,2157000,51,DNA,1000,2157,False,0.8602613065111361,0.908834650149845,0.8845479783304906,0.908834650149845,True
