intersect_bp,f_orig_query,f_match,f_unique_to_query,f_unique_weighted,average_abund,median_abund,std_abund,filename,name,md5,f_match_orig,unique_intersect_bp,gather_result_rank,remaining_bp,query_filename,query_name,query_md5,query_bp,ksize,moltype,scaled,query_n_hashes,query_abundance,query_containment_ani,match_containment_ani,average_containment_ani,max_containment_ani,potential_false_negative,n_unique_weighted_found,sum_weighted_found,total_weighted_hashes
1000,0.0003687315634218289,0.008547008547008548,0.0003687315634218289,0.0008935219657483246,6.0,6.0,0.0,/home/sjnair/2023-dietary-plants/db/Sketched-db/db.crop-plant-entrez.ref.1000.sig.zip,"NC_065148.1 Cucurbita argyrosperma chloroplast, complete genome",d076c3a13e39ae01220415cc39f59ffe,0.008547008547008548,1000,0,3000,input/weight_loss/ERR11520726_2.fastq.gz,ERR11520726,914fa402,271200,31,DNA,1000,2712,True,0.7749054580028478,0.8575991206515995,0.8162522893272237,0.8575991206515995,True,6,6,6715
1000,0.0003687315634218289,0.007936507936507936,0.0003687315634218289,0.02680565897244974,180.0,180.0,0.0,/home/sjnair/2023-dietary-plants/db/Sketched-db/db.crop-plant-entrez.ref.1000.sig.zip,"NC_061691.1 Camellia sinensis var. pubilimba chloroplast, complete genome",1f1b7e2d18d79c47b2ca88fe41a3ce66,0.007936507936507936,1000,1,2000,input/weight_loss/ERR11520726_2.fastq.gz,ERR11520726,914fa402,271200,31,DNA,1000,2712,True,0.7749054580028478,0.8555514101456471,0.8152284340742475,0.8555514101456471,True,180,186,6715
1000,0.0003687315634218289,0.008620689655172414,0.0003687315634218289,0.04482501861504095,301.0,301.0,0.0,/home/sjnair/2023-dietary-plants/db/Sketched-db/db.crop-plant-entrez.ref.1000.sig.zip,"NC_058583.1 Cucurbita ficifolia chloroplast, complete genome",5efd73fd663469b141cb6fd2008d8894,0.008620689655172414,1000,2,1000,input/weight_loss/ERR11520726_2.fastq.gz,ERR11520726,914fa402,271200,31,DNA,1000,2712,True,0.7749054580028478,0.8578366184033578,0.8163710382031029,0.8578366184033578,True,301,487,6715
1000,0.0003687315634218289,0.008547008547008548,0.0003687315634218289,0.0007446016381236039,5.0,5.0,0.0,/home/sjnair/2023-dietary-plants/db/Sketched-db/db.crop-plant-entrez.ref.1000.sig.zip,"NC_039628.1 Hodgsonia macrocarpa chloroplast, complete genome",8e8466c5040d401073b91ed5615682aa,0.008547008547008548,1000,3,0,input/weight_loss/ERR11520726_2.fastq.gz,ERR11520726,914fa402,271200,31,DNA,1000,2712,True,0.7749054580028478,0.8575991206515995,0.8162522893272237,0.8575991206515995,True,5,492,6715
