intersect_bp,f_orig_query,f_match,f_unique_to_query,f_unique_weighted,average_abund,median_abund,std_abund,filename,name,md5,f_match_orig,unique_intersect_bp,gather_result_rank,remaining_bp,query_filename,query_name,query_md5,query_bp,ksize,moltype,scaled,query_n_hashes,query_abundance,query_containment_ani,match_containment_ani,average_containment_ani,max_containment_ani,potential_false_negative,n_unique_weighted_found,sum_weighted_found,total_weighted_hashes
1000,0.00032583903551645487,0.008928571428571428,0.00032583903551645487,0.02212961632418451,308.0,308.0,0.0,/home/sjnair/2023-dietary-plants/db/Sketched-db/db.crop-plant-entrez.ref.1000.sig.zip,"NC_054176.1 Mucuna pruriens plastid, complete genome",9ec03b0e25c7aff0f1ef919958b69d5e,0.008928571428571428,1000,0,2000,input/weight_loss/ERR11520721_2.fastq.gz,ERR11520721,c31bc540,306900,51,DNA,1000,3069,True,0.8543336491180289,0.9116313558407262,0.8829825024793776,0.9116313558407262,True,308,308,13918
1000,0.00032583903551645487,0.007874015748031496,0.00032583903551645487,7.184940364994971e-05,1.0,1.0,0.0,/home/sjnair/2023-dietary-plants/db/Sketched-db/db.crop-plant-entrez.ref.1000.sig.zip,"NC_039694.1 Capsicum pubescens chloroplast, complete genome",d1349a5516d85ec63621524edfabcc06,0.007874015748031496,1000,1,1000,input/weight_loss/ERR11520721_2.fastq.gz,ERR11520721,c31bc540,306900,51,DNA,1000,3069,True,0.8543336491180289,0.9093874295165494,0.8818605393172891,0.9093874295165494,True,1,309,13918
1000,0.00032583903551645487,0.008547008547008548,0.00032583903551645487,0.027590171001580687,384.0,384.0,0.0,/home/sjnair/2023-dietary-plants/db/Sketched-db/db.crop-plant-entrez.ref.1000.sig.zip,"NC_029850.1 Coriandrum sativum chloroplast, complete genome",0acf31f760ca2c077611fe803a751b62,0.008547008547008548,1000,2,0,input/weight_loss/ERR11520721_2.fastq.gz,ERR11520721,c31bc540,306900,51,DNA,1000,3069,True,0.8543336491180289,0.9108509928265499,0.8825923209722895,0.9108509928265499,True,384,693,13918
