intersect_bp,f_orig_query,f_match,f_unique_to_query,f_unique_weighted,average_abund,median_abund,std_abund,filename,name,md5,f_match_orig,unique_intersect_bp,gather_result_rank,remaining_bp,query_filename,query_name,query_md5,query_bp,ksize,moltype,scaled,query_n_hashes,query_abundance,query_containment_ani,match_containment_ani,average_containment_ani,max_containment_ani,potential_false_negative,n_unique_weighted_found,sum_weighted_found,total_weighted_hashes
2000,0.0022197558268590455,0.015873015873015872,0.0022197558268590455,0.26755102040816325,655.5,655.5,654.5,/home/sjnair/2023-dietary-plants/db/Sketched-db/db.crop-plant-entrez.ref.1000.sig.zip,"NC_061691.1 Camellia sinensis var. pubilimba chloroplast, complete genome",1f1b7e2d18d79c47b2ca88fe41a3ce66,0.015873015873015872,2000,0,3000,input/weight_loss/ERR11520696_2.fastq.gz,ERR11520696,51b0cdfd,90100,31,DNA,1000,901,True,0.8211016826009252,0.8748966557597297,0.8479991691803275,0.8748966557597297,True,1311,1311,4900
1000,0.0011098779134295228,0.007142857142857143,0.0011098779134295228,0.00020408163265306123,1.0,1.0,0.0,/home/sjnair/2023-dietary-plants/db/Sketched-db/db.crop-plant-entrez.ref.1000.sig.zip,"NC_058926.1 Ensete ventricosum chloroplast, complete genome",803b8399b001b0ef790e005c8e9efdda,0.007142857142857143,1000,1,2000,input/weight_loss/ERR11520696_2.fastq.gz,ERR11520696,51b0cdfd,90100,31,DNA,1000,901,True,0.8029459225811798,0.8526485608465693,0.8277972417138746,0.8526485608465693,True,1,1312,4900
1000,0.0011098779134295228,0.008620689655172414,0.0011098779134295228,0.021020408163265305,103.0,103.0,0.0,/home/sjnair/2023-dietary-plants/db/Sketched-db/db.crop-plant-entrez.ref.1000.sig.zip,"NC_058583.1 Cucurbita ficifolia chloroplast, complete genome",5efd73fd663469b141cb6fd2008d8894,0.008620689655172414,1000,2,1000,input/weight_loss/ERR11520696_2.fastq.gz,ERR11520696,51b0cdfd,90100,31,DNA,1000,901,True,0.8029459225811798,0.8578366184033578,0.8303912704922688,0.8578366184033578,True,103,1415,4900
2000,0.0022197558268590455,0.008547008547008548,0.0011098779134295228,0.0012244897959183673,6.0,6.0,0.0,/home/sjnair/2023-dietary-plants/db/Sketched-db/db.crop-plant-entrez.ref.1000.sig.zip,"NC_039628.1 Hodgsonia macrocarpa chloroplast, complete genome",8e8466c5040d401073b91ed5615682aa,0.017094017094017096,1000,3,0,input/weight_loss/ERR11520696_2.fastq.gz,ERR11520696,51b0cdfd,90100,31,DNA,1000,901,True,0.8211016826009252,0.8769906679399175,0.8490461752704214,0.8769906679399175,True,6,1421,4900
