intersect_bp,f_orig_query,f_match,f_unique_to_query,f_unique_weighted,average_abund,median_abund,std_abund,filename,name,md5,f_match_orig,unique_intersect_bp,gather_result_rank,remaining_bp,query_filename,query_name,query_md5,query_bp,ksize,moltype,scaled,query_n_hashes,query_abundance,query_containment_ani,match_containment_ani,average_containment_ani,max_containment_ani,potential_false_negative,n_unique_weighted_found,sum_weighted_found,total_weighted_hashes
1000,0.0004182350480970305,0.008928571428571428,0.0004182350480970305,0.016571104530275344,3156.0,3156.0,0.0,/home/sjnair/2023-dietary-plants/db/Sketched-db/db.crop-plant-entrez.ref.1000.sig.zip,"NC_054176.1 Mucuna pruriens plastid, complete genome",9ec03b0e25c7aff0f1ef919958b69d5e,0.008928571428571428,1000,0,3000,input/weight_loss/ERR11520693_2.fastq.gz,ERR11520693,99bfc72a,239100,51,DNA,1000,2391,True,0.858525781704632,0.9116313558407262,0.8850785687726791,0.9116313558407262,True,3156,3156,190452
1000,0.0004182350480970305,0.007142857142857143,0.0004182350480970305,0.003029634763614979,577.0,577.0,0.0,/home/sjnair/2023-dietary-plants/db/Sketched-db/db.crop-plant-entrez.ref.1000.sig.zip,"NC_053353.1 Abelmoschus manihot chloroplast, complete genome",e382bc9cba45916b96b8c2c4214116e8,0.007142857142857143,1000,1,2000,input/weight_loss/ERR11520693_2.fastq.gz,ERR11520693,99bfc72a,239100,51,DNA,1000,2391,True,0.858525781704632,0.9076513503870351,0.8830885660458336,0.9076513503870351,True,577,3733,190452
1000,0.0004182350480970305,0.008547008547008548,0.0004182350480970305,0.0018114800579673619,345.0,345.0,0.0,/home/sjnair/2023-dietary-plants/db/Sketched-db/db.crop-plant-entrez.ref.1000.sig.zip,"NC_029850.1 Coriandrum sativum chloroplast, complete genome",0acf31f760ca2c077611fe803a751b62,0.008547008547008548,1000,2,1000,input/weight_loss/ERR11520693_2.fastq.gz,ERR11520693,99bfc72a,239100,51,DNA,1000,2391,True,0.858525781704632,0.9108509928265499,0.884688387265591,0.9108509928265499,True,345,4078,190452
1000,0.0004182350480970305,0.007246376811594203,0.0004182350480970305,0.0005670720181463046,108.0,108.0,0.0,/home/sjnair/2023-dietary-plants/db/Sketched-db/db.crop-plant-entrez.ref.1000.sig.zip,"NC_008602.1 Sorghum bicolor chloroplast, complete genome",86ffd2f0a3e58ce98dd03b639a946178,0.007246376811594203,1000,3,0,input/weight_loss/ERR11520693_2.fastq.gz,ERR11520693,99bfc72a,239100,51,DNA,1000,2391,True,0.858525781704632,0.9079074641021062,0.8832166229033691,0.9079074641021062,True,108,4186,190452
