intersect_bp,f_orig_query,f_match,f_unique_to_query,f_unique_weighted,average_abund,median_abund,std_abund,filename,name,md5,f_match_orig,unique_intersect_bp,gather_result_rank,remaining_bp,query_filename,query_name,query_md5,query_bp,ksize,moltype,scaled,query_n_hashes,query_abundance,query_containment_ani,match_containment_ani,average_containment_ani,max_containment_ani,potential_false_negative,n_unique_weighted_found,sum_weighted_found,total_weighted_hashes
1000,0.000731528895391368,0.008547008547008548,0.000731528895391368,0.000380517503805175,3.0,3.0,0.0,/home/sjnair/2023-dietary-plants/db/Sketched-db/db.crop-plant-entrez.ref.1000.sig.zip,"NC_065148.1 Cucurbita argyrosperma chloroplast, complete genome",d076c3a13e39ae01220415cc39f59ffe,0.008547008547008548,1000,0,3000,input/weight_loss/ERR11520692_2.fastq.gz,ERR11520692,39898412,136700,31,DNA,1000,1367,True,0.7922206836128161,0.8575991206515995,0.8249099021322077,0.8575991206515995,True,3,3,7884
1000,0.000731528895391368,0.007936507936507936,0.000731528895391368,0.0700152207001522,552.0,552.0,0.0,/home/sjnair/2023-dietary-plants/db/Sketched-db/db.crop-plant-entrez.ref.1000.sig.zip,"NC_061691.1 Camellia sinensis var. pubilimba chloroplast, complete genome",1f1b7e2d18d79c47b2ca88fe41a3ce66,0.007936507936507936,1000,1,2000,input/weight_loss/ERR11520692_2.fastq.gz,ERR11520692,39898412,136700,31,DNA,1000,1367,True,0.7922206836128161,0.8555514101456471,0.8238860468792315,0.8555514101456471,True,552,555,7884
1000,0.000731528895391368,0.008620689655172414,0.000731528895391368,0.02371892440385591,187.0,187.0,0.0,/home/sjnair/2023-dietary-plants/db/Sketched-db/db.crop-plant-entrez.ref.1000.sig.zip,"NC_058583.1 Cucurbita ficifolia chloroplast, complete genome",5efd73fd663469b141cb6fd2008d8894,0.008620689655172414,1000,2,1000,input/weight_loss/ERR11520692_2.fastq.gz,ERR11520692,39898412,136700,31,DNA,1000,1367,True,0.7922206836128161,0.8578366184033578,0.8250286510080869,0.8578366184033578,True,187,742,7884
1000,0.000731528895391368,0.008547008547008548,0.000731528895391368,0.0010147133434804667,8.0,8.0,0.0,/home/sjnair/2023-dietary-plants/db/Sketched-db/db.crop-plant-entrez.ref.1000.sig.zip,"NC_039628.1 Hodgsonia macrocarpa chloroplast, complete genome",8e8466c5040d401073b91ed5615682aa,0.008547008547008548,1000,3,0,input/weight_loss/ERR11520692_2.fastq.gz,ERR11520692,39898412,136700,31,DNA,1000,1367,True,0.7922206836128161,0.8575991206515995,0.8249099021322077,0.8575991206515995,True,8,750,7884
