intersect_bp,f_orig_query,f_match,f_unique_to_query,f_unique_weighted,average_abund,median_abund,std_abund,filename,name,md5,f_match_orig,unique_intersect_bp,gather_result_rank,remaining_bp,query_filename,query_name,query_md5,query_bp,ksize,moltype,scaled,query_n_hashes,query_abundance,query_containment_ani,match_containment_ani,average_containment_ani,max_containment_ani,potential_false_negative,n_unique_weighted_found,sum_weighted_found,total_weighted_hashes
1000,0.0006657789613848203,0.008928571428571428,0.0006657789613848203,0.0003272251308900524,2.0,2.0,0.0,/home/sjnair/2023-dietary-plants/db/Sketched-db/db.crop-plant-entrez.ref.1000.sig.zip,"NC_067044.1 Phleum pratense voucher Ph_p_1 chloroplast, complete genome",8d9cea5c1e34eb3a2eaba3bb0161a938,0.008928571428571428,1000,0,3000,input/weight_loss/ERR11520712_2.fastq.gz,ERR11520712,b28a1222,150200,31,DNA,1000,1502,True,0.789817543988956,0.8588082204454544,0.8243128822172052,0.8588082204454544,True,2,2,6112
1000,0.0006657789613848203,0.008547008547008548,0.0006657789613848203,0.2917212041884817,1783.0,1783.0,0.0,/home/sjnair/2023-dietary-plants/db/Sketched-db/db.crop-plant-entrez.ref.1000.sig.zip,"NC_065148.1 Cucurbita argyrosperma chloroplast, complete genome",d076c3a13e39ae01220415cc39f59ffe,0.008547008547008548,1000,1,2000,input/weight_loss/ERR11520712_2.fastq.gz,ERR11520712,b28a1222,150200,31,DNA,1000,1502,True,0.789817543988956,0.8575991206515995,0.8237083323202777,0.8575991206515995,True,1783,1785,6112
1000,0.0006657789613848203,0.008620689655172414,0.0006657789613848203,0.03844895287958115,235.0,235.0,0.0,/home/sjnair/2023-dietary-plants/db/Sketched-db/db.crop-plant-entrez.ref.1000.sig.zip,"NC_058583.1 Cucurbita ficifolia chloroplast, complete genome",5efd73fd663469b141cb6fd2008d8894,0.008620689655172414,1000,2,1000,input/weight_loss/ERR11520712_2.fastq.gz,ERR11520712,b28a1222,150200,31,DNA,1000,1502,True,0.789817543988956,0.8578366184033578,0.8238270811961569,0.8578366184033578,True,235,2020,6112
1000,0.0006657789613848203,0.008547008547008548,0.0006657789613848203,0.0006544502617801048,4.0,4.0,0.0,/home/sjnair/2023-dietary-plants/db/Sketched-db/db.crop-plant-entrez.ref.1000.sig.zip,"NC_039628.1 Hodgsonia macrocarpa chloroplast, complete genome",8e8466c5040d401073b91ed5615682aa,0.008547008547008548,1000,3,0,input/weight_loss/ERR11520712_2.fastq.gz,ERR11520712,b28a1222,150200,31,DNA,1000,1502,True,0.789817543988956,0.8575991206515995,0.8237083323202777,0.8575991206515995,True,4,2024,6112
