intersect_bp,f_orig_query,f_match,f_unique_to_query,f_unique_weighted,average_abund,median_abund,std_abund,filename,name,md5,f_match_orig,unique_intersect_bp,gather_result_rank,remaining_bp,query_filename,query_name,query_md5,query_bp,ksize,moltype,scaled,query_n_hashes,query_abundance,query_containment_ani,match_containment_ani,average_containment_ani,max_containment_ani,potential_false_negative,n_unique_weighted_found,sum_weighted_found,total_weighted_hashes
1000,0.00042087542087542086,0.008928571428571428,0.00042087542087542086,0.041385293904996026,2862.0,2862.0,0.0,/home/sjnair/2023-dietary-plants/db/Sketched-db/db.crop-plant-entrez.ref.1000.sig.zip,"NC_054176.1 Mucuna pruriens plastid, complete genome",9ec03b0e25c7aff0f1ef919958b69d5e,0.008928571428571428,1000,0,3000,input/weight_loss/ERR11520718_2.fastq.gz,ERR11520718,4b7100b8,237600,51,DNA,1000,2376,True,0.8586317284201235,0.9116313558407262,0.8851315421304249,0.9116313558407262,True,2862,2862,69155
1000,0.00042087542087542086,0.007874015748031496,0.00042087542087542086,0.002877593811004266,199.0,199.0,0.0,/home/sjnair/2023-dietary-plants/db/Sketched-db/db.crop-plant-entrez.ref.1000.sig.zip,"NC_039694.1 Capsicum pubescens chloroplast, complete genome",d1349a5516d85ec63621524edfabcc06,0.007874015748031496,1000,1,2000,input/weight_loss/ERR11520718_2.fastq.gz,ERR11520718,4b7100b8,237600,51,DNA,1000,2376,True,0.8586317284201235,0.9093874295165494,0.8840095789683364,0.9093874295165494,True,199,3061,69155
1000,0.00042087542087542086,0.007518796992481203,0.00042087542087542086,0.0009399175764586798,65.0,65.0,0.0,/home/sjnair/2023-dietary-plants/db/Sketched-db/db.crop-plant-entrez.ref.1000.sig.zip,"NC_036506.1 Cucurbita moschata chloroplast, complete genome",54aebbc8e4f4a288a967b0c46989d506,0.007518796992481203,1000,2,1000,input/weight_loss/ERR11520718_2.fastq.gz,ERR11520718,4b7100b8,237600,51,DNA,1000,2376,True,0.8586317284201235,0.9085646807370644,0.883598204578594,0.9085646807370644,True,65,3126,69155
1000,0.00042087542087542086,0.008547008547008548,0.00042087542087542086,0.00017352324488467935,12.0,12.0,0.0,/home/sjnair/2023-dietary-plants/db/Sketched-db/db.crop-plant-entrez.ref.1000.sig.zip,"NC_029850.1 Coriandrum sativum chloroplast, complete genome",0acf31f760ca2c077611fe803a751b62,0.008547008547008548,1000,3,0,input/weight_loss/ERR11520718_2.fastq.gz,ERR11520718,4b7100b8,237600,51,DNA,1000,2376,True,0.8586317284201235,0.9108509928265499,0.8847413606233367,0.9108509928265499,True,12,3138,69155
