intersect_bp,f_orig_query,f_match,f_unique_to_query,f_unique_weighted,average_abund,median_abund,std_abund,filename,name,md5,f_match_orig,unique_intersect_bp,gather_result_rank,remaining_bp,query_filename,query_name,query_md5,query_bp,ksize,moltype,scaled,query_n_hashes,query_abundance,query_containment_ani,match_containment_ani,average_containment_ani,max_containment_ani,potential_false_negative,n_unique_weighted_found,sum_weighted_found,total_weighted_hashes
1000,0.0017094017094017094,0.008064516129032258,0.0017094017094017094,0.00026937840932049294,4.0,4.0,0.0,/home/sjnair/2023-dietary-plants/db/Sketched-db/db.crop-plant-entrez.ref.1000.sig.zip,"NC_066036.1 Stevia rebaudiana isolate BPTPS142 voucher LISE:96453 chloroplast, complete genome",da8f189d618edb2a52b50fe5e5c8b980,0.008064516129032258,1000,0,2000,input/weight_loss/ERR11520699_2.fastq.gz,ERR11520699,fbd22fb3,58500,21,DNA,1000,585,True,0.7382962678686725,0.794901383916784,0.7665988258927283,0.794901383916784,True,4,4,14849
1000,0.0017094017094017094,0.007142857142857143,0.0017094017094017094,0.0014142366489325881,21.0,21.0,0.0,/home/sjnair/2023-dietary-plants/db/Sketched-db/db.crop-plant-entrez.ref.1000.sig.zip,"NC_065754.1 Citrus jambhiri chloroplast, complete genome",5d405ca1bd27671595455ceb73c5e655,0.007142857142857143,1000,1,1000,input/weight_loss/ERR11520699_2.fastq.gz,ERR11520699,fbd22fb3,58500,21,DNA,1000,585,True,0.7382962678686725,0.7903208269971135,0.764308547432893,0.7903208269971135,True,21,25,14849
1000,0.0017094017094017094,0.008403361344537815,0.0017094017094017094,0.05778166879924574,858.0,858.0,0.0,/home/sjnair/2023-dietary-plants/db/Sketched-db/db.crop-plant-entrez.ref.1000.sig.zip,"NC_040941.1 Phytolacca acinosa voucher 14CS9097 (KUN) plastid, complete genome",16a1f94b2ce82e40adfb92985ba09ca3,0.008403361344537815,1000,2,0,input/weight_loss/ERR11520699_2.fastq.gz,ERR11520699,fbd22fb3,58500,21,DNA,1000,585,True,0.7382962678686725,0.7964608453698907,0.7673785566192817,0.7964608453698907,True,858,883,14849
