intersect_bp,f_orig_query,f_match,f_unique_to_query,f_unique_weighted,average_abund,median_abund,std_abund,filename,name,md5,f_match_orig,unique_intersect_bp,gather_result_rank,remaining_bp,query_filename,query_name,query_md5,query_bp,ksize,moltype,scaled,query_n_hashes,query_abundance,query_containment_ani,match_containment_ani,average_containment_ani,max_containment_ani,potential_false_negative,n_unique_weighted_found,sum_weighted_found,total_weighted_hashes
1000,0.0005595970900951316,0.008928571428571428,0.0005595970900951316,0.48720255948810237,24365.0,24365.0,0.0,/home/sjnair/2023-dietary-plants/db/Sketched-db/db.crop-plant-entrez.ref.1000.sig.zip,"NC_054176.1 Mucuna pruriens plastid, complete genome",9ec03b0e25c7aff0f1ef919958b69d5e,0.008928571428571428,1000,0,3000,input/weight_loss/ERR11520717_2.fastq.gz,ERR11520717,cd844071,178700,51,DNA,1000,1787,True,0.8634413675640472,0.9116313558407262,0.8875363617023867,0.9116313558407262,True,24365,24365,50010
1000,0.0005595970900951316,0.008695652173913044,0.0005595970900951316,0.0004399120175964807,22.0,22.0,0.0,/home/sjnair/2023-dietary-plants/db/Sketched-db/db.crop-plant-entrez.ref.1000.sig.zip,"NC_046838.1 Salvia hispanica chloroplast, complete genome",8a98a1b502dbdf77c5ffad1ef1dee775,0.008695652173913044,1000,1,2000,input/weight_loss/ERR11520717_2.fastq.gz,ERR11520717,cd844071,178700,51,DNA,1000,1787,True,0.8634413675640472,0.9111589805028507,0.887300174033449,0.9111589805028507,True,22,24387,50010
1000,0.0005595970900951316,0.007874015748031496,0.0005595970900951316,0.004059188162367527,203.0,203.0,0.0,/home/sjnair/2023-dietary-plants/db/Sketched-db/db.crop-plant-entrez.ref.1000.sig.zip,"NC_039694.1 Capsicum pubescens chloroplast, complete genome",d1349a5516d85ec63621524edfabcc06,0.007874015748031496,1000,2,1000,input/weight_loss/ERR11520717_2.fastq.gz,ERR11520717,cd844071,178700,51,DNA,1000,1787,True,0.8634413675640472,0.9093874295165494,0.8864143985402984,0.9093874295165494,True,203,24590,50010
1000,0.0005595970900951316,0.008547008547008548,0.0005595970900951316,0.0001999600079984003,10.0,10.0,0.0,/home/sjnair/2023-dietary-plants/db/Sketched-db/db.crop-plant-entrez.ref.1000.sig.zip,"NC_029850.1 Coriandrum sativum chloroplast, complete genome",0acf31f760ca2c077611fe803a751b62,0.008547008547008548,1000,3,0,input/weight_loss/ERR11520717_2.fastq.gz,ERR11520717,cd844071,178700,51,DNA,1000,1787,True,0.8634413675640472,0.9108509928265499,0.8871461801952986,0.9108509928265499,True,10,24600,50010
