intersect_bp,f_orig_query,f_match,f_unique_to_query,f_unique_weighted,average_abund,median_abund,std_abund,filename,name,md5,f_match_orig,unique_intersect_bp,gather_result_rank,remaining_bp,query_filename,query_name,query_md5,query_bp,ksize,moltype,scaled,query_n_hashes,query_abundance,query_containment_ani,match_containment_ani,average_containment_ani,max_containment_ani,potential_false_negative,n_unique_weighted_found,sum_weighted_found,total_weighted_hashes
1000,0.0005083884087442806,0.008547008547008548,0.0005083884087442806,0.0013631937682570595,7.0,7.0,0.0,/home/sjnair/2023-dietary-plants/db/Sketched-db/db.crop-plant-entrez.ref.1000.sig.zip,"NC_065148.1 Cucurbita argyrosperma chloroplast, complete genome",d076c3a13e39ae01220415cc39f59ffe,0.008547008547008548,1000,0,3000,input/weight_loss/ERR11520718_2.fastq.gz,ERR11520718,c163d417,196700,31,DNA,1000,1967,True,0.7829756327711022,0.8575991206515995,0.8202873767113508,0.8575991206515995,True,7,7,5135
1000,0.0005083884087442806,0.007936507936507936,0.0005083884087442806,0.03524829600778968,181.0,181.0,0.0,/home/sjnair/2023-dietary-plants/db/Sketched-db/db.crop-plant-entrez.ref.1000.sig.zip,"NC_061691.1 Camellia sinensis var. pubilimba chloroplast, complete genome",1f1b7e2d18d79c47b2ca88fe41a3ce66,0.007936507936507936,1000,1,2000,input/weight_loss/ERR11520718_2.fastq.gz,ERR11520718,c163d417,196700,31,DNA,1000,1967,True,0.7829756327711022,0.8555514101456471,0.8192635214583746,0.8555514101456471,True,181,188,5135
1000,0.0005083884087442806,0.008620689655172414,0.0005083884087442806,0.03719571567672834,191.0,191.0,0.0,/home/sjnair/2023-dietary-plants/db/Sketched-db/db.crop-plant-entrez.ref.1000.sig.zip,"NC_058583.1 Cucurbita ficifolia chloroplast, complete genome",5efd73fd663469b141cb6fd2008d8894,0.008620689655172414,1000,2,1000,input/weight_loss/ERR11520718_2.fastq.gz,ERR11520718,c163d417,196700,31,DNA,1000,1967,True,0.7829756327711022,0.8578366184033578,0.8204061255872299,0.8578366184033578,True,191,379,5135
1000,0.0005083884087442806,0.008547008547008548,0.0005083884087442806,0.00038948393378773126,2.0,2.0,0.0,/home/sjnair/2023-dietary-plants/db/Sketched-db/db.crop-plant-entrez.ref.1000.sig.zip,"NC_039628.1 Hodgsonia macrocarpa chloroplast, complete genome",8e8466c5040d401073b91ed5615682aa,0.008547008547008548,1000,3,0,input/weight_loss/ERR11520718_2.fastq.gz,ERR11520718,c163d417,196700,31,DNA,1000,1967,True,0.7829756327711022,0.8575991206515995,0.8202873767113508,0.8575991206515995,True,2,381,5135
