intersect_bp,f_orig_query,f_match,f_unique_to_query,f_unique_weighted,average_abund,median_abund,std_abund,filename,name,md5,f_match_orig,unique_intersect_bp,gather_result_rank,remaining_bp,query_filename,query_name,query_md5,query_bp,ksize,moltype,scaled,query_n_hashes,query_abundance,query_containment_ani,match_containment_ani,average_containment_ani,max_containment_ani,potential_false_negative,n_unique_weighted_found,sum_weighted_found,total_weighted_hashes
1000,0.0003139717425431711,0.008928571428571428,0.0003139717425431711,0.5628326164613253,61763.0,61763.0,0.0,/home/sjnair/2023-dietary-plants/db/Sketched-db/db.crop-plant-entrez.ref.1000.sig.zip,"NC_054176.1 Mucuna pruriens plastid, complete genome",9ec03b0e25c7aff0f1ef919958b69d5e,0.008928571428571428,1000,0,2000,input/weight_loss/ERR11520726_2.fastq.gz,ERR11520726,952b57f5,318500,51,DNA,1000,3185,True,0.8537123806690257,0.9116313558407262,0.882671868254876,0.9116313558407262,True,61763,61763,109736
1000,0.0003139717425431711,0.007874015748031496,0.0003139717425431711,0.0035175329882627397,386.0,386.0,0.0,/home/sjnair/2023-dietary-plants/db/Sketched-db/db.crop-plant-entrez.ref.1000.sig.zip,"NC_039694.1 Capsicum pubescens chloroplast, complete genome",d1349a5516d85ec63621524edfabcc06,0.007874015748031496,1000,1,1000,input/weight_loss/ERR11520726_2.fastq.gz,ERR11520726,952b57f5,318500,51,DNA,1000,3185,True,0.8537123806690257,0.9093874295165494,0.8815499050927875,0.9093874295165494,True,386,62149,109736
1000,0.0003139717425431711,0.008547008547008548,0.0003139717425431711,0.00246045053583145,270.0,270.0,0.0,/home/sjnair/2023-dietary-plants/db/Sketched-db/db.crop-plant-entrez.ref.1000.sig.zip,"NC_029850.1 Coriandrum sativum chloroplast, complete genome",0acf31f760ca2c077611fe803a751b62,0.008547008547008548,1000,2,0,input/weight_loss/ERR11520726_2.fastq.gz,ERR11520726,952b57f5,318500,51,DNA,1000,3185,True,0.8537123806690257,0.9108509928265499,0.8822816867477878,0.9108509928265499,True,270,62419,109736
