intersect_bp,f_orig_query,f_match,f_unique_to_query,f_unique_weighted,average_abund,median_abund,std_abund,filename,name,md5,f_match_orig,unique_intersect_bp,gather_result_rank,remaining_bp,query_filename,query_name,query_md5,query_bp,ksize,moltype,scaled,query_n_hashes,query_abundance,query_containment_ani,match_containment_ani,average_containment_ani,max_containment_ani,potential_false_negative,n_unique_weighted_found,sum_weighted_found,total_weighted_hashes
1000,0.0003194888178913738,0.008547008547008548,0.0003194888178913738,0.004632879404745192,33.0,33.0,0.0,/home/sjnair/2023-dietary-plants/db/Sketched-db/db.crop-plant-entrez.ref.1000.sig.zip,"NC_065148.1 Cucurbita argyrosperma chloroplast, complete genome",d076c3a13e39ae01220415cc39f59ffe,0.008547008547008548,1000,0,3000,input/weight_loss/ERR11520719_2.fastq.gz,ERR11520719,7a62da91,313000,31,DNA,1000,3130,True,0.77133050113344,0.8575991206515995,0.8144648108925198,0.8575991206515995,True,33,33,7123
1000,0.0003194888178913738,0.007936507936507936,0.0003194888178913738,0.00014039028499227853,1.0,1.0,0.0,/home/sjnair/2023-dietary-plants/db/Sketched-db/db.crop-plant-entrez.ref.1000.sig.zip,"NC_061691.1 Camellia sinensis var. pubilimba chloroplast, complete genome",1f1b7e2d18d79c47b2ca88fe41a3ce66,0.007936507936507936,1000,1,2000,input/weight_loss/ERR11520719_2.fastq.gz,ERR11520719,7a62da91,313000,31,DNA,1000,3130,True,0.77133050113344,0.8555514101456471,0.8134409556395436,0.8555514101456471,True,1,34,7123
1000,0.0003194888178913738,0.008620689655172414,0.0003194888178913738,0.1269128176330198,904.0,904.0,0.0,/home/sjnair/2023-dietary-plants/db/Sketched-db/db.crop-plant-entrez.ref.1000.sig.zip,"NC_058583.1 Cucurbita ficifolia chloroplast, complete genome",5efd73fd663469b141cb6fd2008d8894,0.008620689655172414,1000,2,1000,input/weight_loss/ERR11520719_2.fastq.gz,ERR11520719,7a62da91,313000,31,DNA,1000,3130,True,0.77133050113344,0.8578366184033578,0.8145835597683989,0.8578366184033578,True,904,938,7123
1000,0.0003194888178913738,0.008547008547008548,0.0003194888178913738,0.0022462445598764565,16.0,16.0,0.0,/home/sjnair/2023-dietary-plants/db/Sketched-db/db.crop-plant-entrez.ref.1000.sig.zip,"NC_039628.1 Hodgsonia macrocarpa chloroplast, complete genome",8e8466c5040d401073b91ed5615682aa,0.008547008547008548,1000,3,0,input/weight_loss/ERR11520719_2.fastq.gz,ERR11520719,7a62da91,313000,31,DNA,1000,3130,True,0.77133050113344,0.8575991206515995,0.8144648108925198,0.8575991206515995,True,16,954,7123
