intersect_bp,f_orig_query,f_match,f_unique_to_query,f_unique_weighted,average_abund,median_abund,std_abund,filename,name,md5,f_match_orig,unique_intersect_bp,gather_result_rank,remaining_bp,query_filename,query_name,query_md5,query_bp,ksize,moltype,scaled,query_n_hashes,query_abundance,query_containment_ani,match_containment_ani,average_containment_ani,max_containment_ani,potential_false_negative,n_unique_weighted_found,sum_weighted_found,total_weighted_hashes
1000,0.0002737476047084588,0.008928571428571428,0.0002737476047084588,0.5105378958948527,17635.0,17635.0,0.0,/home/sjnair/2023-dietary-plants/db/Sketched-db/db.crop-plant-entrez.ref.1000.sig.zip,"NC_054176.1 Mucuna pruriens plastid, complete genome",9ec03b0e25c7aff0f1ef919958b69d5e,0.008928571428571428,1000,0,2000,input/weight_loss/ERR11520719_2.fastq.gz,ERR11520719,51fbafb2,365300,51,DNA,1000,3653,True,0.8514205419955914,0.9116313558407262,0.8815259489181588,0.9116313558407262,True,17635,17635,34542
1000,0.0002737476047084588,0.007142857142857143,0.0002737476047084588,0.0006369057958427422,22.0,22.0,0.0,/home/sjnair/2023-dietary-plants/db/Sketched-db/db.crop-plant-entrez.ref.1000.sig.zip,"NC_053353.1 Abelmoschus manihot chloroplast, complete genome",e382bc9cba45916b96b8c2c4214116e8,0.007142857142857143,1000,1,1000,input/weight_loss/ERR11520719_2.fastq.gz,ERR11520719,51fbafb2,365300,51,DNA,1000,3653,True,0.8514205419955914,0.9076513503870351,0.8795359461913133,0.9076513503870351,True,22,17657,34542
1000,0.0002737476047084588,0.008547008547008548,0.0002737476047084588,0.003184528979213711,110.0,110.0,0.0,/home/sjnair/2023-dietary-plants/db/Sketched-db/db.crop-plant-entrez.ref.1000.sig.zip,"NC_029850.1 Coriandrum sativum chloroplast, complete genome",0acf31f760ca2c077611fe803a751b62,0.008547008547008548,1000,2,0,input/weight_loss/ERR11520719_2.fastq.gz,ERR11520719,51fbafb2,365300,51,DNA,1000,3653,True,0.8514205419955914,0.9108509928265499,0.8811357674110707,0.9108509928265499,True,110,17767,34542
