intersect_bp,f_orig_query,f_match,f_unique_to_query,f_unique_weighted,average_abund,median_abund,std_abund,filename,name,md5,f_match_orig,unique_intersect_bp,gather_result_rank,remaining_bp,query_filename,query_name,query_md5,query_bp,ksize,moltype,scaled,query_n_hashes,query_abundance,query_containment_ani,match_containment_ani,average_containment_ani,max_containment_ani,potential_false_negative,n_unique_weighted_found,sum_weighted_found,total_weighted_hashes
1000,0.0003933910306845004,0.008547008547008548,0.0003933910306845004,0.0036241610738255033,27.0,27.0,0.0,/home/sjnair/2023-dietary-plants/db/Sketched-db/db.crop-plant-entrez.ref.1000.sig.zip,"NC_065148.1 Cucurbita argyrosperma chloroplast, complete genome",d076c3a13e39ae01220415cc39f59ffe,0.008547008547008548,1000,0,2000,input/weight_loss/ERR11520723_2.fastq.gz,ERR11520723,245000b9,254200,31,DNA,1000,2542,True,0.7765253312570513,0.8575991206515995,0.8170622259543254,0.8575991206515995,True,27,27,7450
1000,0.0003933910306845004,0.008620689655172414,0.0003933910306845004,0.1846979865771812,1376.0,1376.0,0.0,/home/sjnair/2023-dietary-plants/db/Sketched-db/db.crop-plant-entrez.ref.1000.sig.zip,"NC_058583.1 Cucurbita ficifolia chloroplast, complete genome",5efd73fd663469b141cb6fd2008d8894,0.008620689655172414,1000,1,1000,input/weight_loss/ERR11520723_2.fastq.gz,ERR11520723,245000b9,254200,31,DNA,1000,2542,True,0.7765253312570513,0.8578366184033578,0.8171809748302046,0.8578366184033578,True,1376,1403,7450
1000,0.0003933910306845004,0.008547008547008548,0.0003933910306845004,0.004563758389261745,34.0,34.0,0.0,/home/sjnair/2023-dietary-plants/db/Sketched-db/db.crop-plant-entrez.ref.1000.sig.zip,"NC_039628.1 Hodgsonia macrocarpa chloroplast, complete genome",8e8466c5040d401073b91ed5615682aa,0.008547008547008548,1000,2,0,input/weight_loss/ERR11520723_2.fastq.gz,ERR11520723,245000b9,254200,31,DNA,1000,2542,True,0.7765253312570513,0.8575991206515995,0.8170622259543254,0.8575991206515995,True,34,1437,7450
