intersect_bp,f_orig_query,f_match,f_unique_to_query,f_unique_weighted,average_abund,median_abund,std_abund,filename,name,md5,f_match_orig,unique_intersect_bp,gather_result_rank,remaining_bp,query_filename,query_name,query_md5,query_bp,ksize,moltype,scaled,query_n_hashes,query_abundance,query_containment_ani,match_containment_ani,average_containment_ani,max_containment_ani,potential_false_negative,n_unique_weighted_found,sum_weighted_found,total_weighted_hashes
1000,0.0004137360364087712,0.008547008547008548,0.0004137360364087712,0.0038809831824062097,27.0,27.0,0.0,/home/sjnair/2023-dietary-plants/db/Sketched-db/db.crop-plant-entrez.ref.1000.sig.zip,"NC_065148.1 Cucurbita argyrosperma chloroplast, complete genome",d076c3a13e39ae01220415cc39f59ffe,0.008547008547008548,1000,0,2000,input/weight_loss/ERR11520720_2.fastq.gz,ERR11520720,a82b280c,241700,31,DNA,1000,2417,True,0.7777894419227023,0.8575991206515995,0.8176942812871508,0.8575991206515995,True,27,27,6957
1000,0.0004137360364087712,0.008620689655172414,0.0004137360364087712,0.19678022135978152,1369.0,1369.0,0.0,/home/sjnair/2023-dietary-plants/db/Sketched-db/db.crop-plant-entrez.ref.1000.sig.zip,"NC_058583.1 Cucurbita ficifolia chloroplast, complete genome",5efd73fd663469b141cb6fd2008d8894,0.008620689655172414,1000,1,1000,input/weight_loss/ERR11520720_2.fastq.gz,ERR11520720,a82b280c,241700,31,DNA,1000,2417,True,0.7777894419227023,0.8578366184033578,0.81781303016303,0.8578366184033578,True,1369,1396,6957
1000,0.0004137360364087712,0.008547008547008548,0.0004137360364087712,0.00517464424320828,36.0,36.0,0.0,/home/sjnair/2023-dietary-plants/db/Sketched-db/db.crop-plant-entrez.ref.1000.sig.zip,"NC_039628.1 Hodgsonia macrocarpa chloroplast, complete genome",8e8466c5040d401073b91ed5615682aa,0.008547008547008548,1000,2,0,input/weight_loss/ERR11520720_2.fastq.gz,ERR11520720,a82b280c,241700,31,DNA,1000,2417,True,0.7777894419227023,0.8575991206515995,0.8176942812871508,0.8575991206515995,True,36,1432,6957
