intersect_bp,f_orig_query,f_match,f_unique_to_query,f_unique_weighted,average_abund,median_abund,std_abund,filename,name,md5,f_match_orig,unique_intersect_bp,gather_result_rank,remaining_bp,query_filename,query_name,query_md5,query_bp,ksize,moltype,scaled,query_n_hashes,query_abundance,query_containment_ani,match_containment_ani,average_containment_ani,max_containment_ani,potential_false_negative,n_unique_weighted_found,sum_weighted_found,total_weighted_hashes
1000,0.000482392667631452,0.008928571428571428,0.000482392667631452,0.007123634636694634,90.0,90.0,0.0,/home/sjnair/2023-dietary-plants/db/Sketched-db/db.crop-plant-entrez.ref.100.sig.zip,"NC_054176.1 Mucuna pruriens plastid, complete genome",a830baceb11fcbd31c0a730bc529bb6c,0.008928571428571428,1000,0,2000,input/weight_loss/ERR11520694_2.fastq.gz,ERR11520694,ab514ed7,2073000,51,DNA,1000,2073,True,0.8609315851231878,0.9116313558407262,0.886281470481957,0.9116313558407262,True,90,90,12634
1000,0.000482392667631452,0.007874015748031496,0.000482392667631452,0.08667088807978471,1095.0,1095.0,0.0,/home/sjnair/2023-dietary-plants/db/Sketched-db/db.crop-plant-entrez.ref.100.sig.zip,"NC_039694.1 Capsicum pubescens chloroplast, complete genome",6488123c8f890dfcb386fc30cdffabed,0.007874015748031496,1000,1,1000,input/weight_loss/ERR11520694_2.fastq.gz,ERR11520694,ab514ed7,2073000,51,DNA,1000,2073,True,0.8609315851231878,0.9093874295165494,0.8851595073198686,0.9093874295165494,True,1095,1185,12634
1000,0.000482392667631452,0.008547008547008548,0.000482392667631452,0.06735792306474592,851.0,851.0,0.0,/home/sjnair/2023-dietary-plants/db/Sketched-db/db.crop-plant-entrez.ref.100.sig.zip,"NC_029850.1 Coriandrum sativum chloroplast, complete genome",e08bca52b0281d87ff2e618146babbca,0.008547008547008548,1000,2,0,input/weight_loss/ERR11520694_2.fastq.gz,ERR11520694,ab514ed7,2073000,51,DNA,1000,2073,True,0.8609315851231878,0.9108509928265499,0.8858912889748689,0.9108509928265499,True,851,2036,12634
