intersect_bp,f_orig_query,f_match,f_unique_to_query,f_unique_weighted,average_abund,median_abund,std_abund,filename,name,md5,f_match_orig,unique_intersect_bp,gather_result_rank,remaining_bp,query_filename,query_name,query_md5,query_bp,ksize,moltype,scaled,query_n_hashes,query_abundance,query_containment_ani,match_containment_ani,average_containment_ani,max_containment_ani,potential_false_negative,n_unique_weighted_found,sum_weighted_found,total_weighted_hashes
1000,0.0004901960784313725,0.008928571428571428,0.0004901960784313725,0.038033937975424224,585.0,585.0,0.0,/home/sjnair/2023-dietary-plants/db/Sketched-db/db.crop-plant-entrez.ref.100.sig.zip,"NC_054176.1 Mucuna pruriens plastid, complete genome",a830baceb11fcbd31c0a730bc529bb6c,0.008928571428571428,1000,0,2000,input/weight_loss/ERR11520701_2.fastq.gz,ERR11520701,028fbbca,2040000,51,DNA,1000,2040,True,0.8612025177683197,0.9116313558407262,0.8864169368045229,0.9116313558407262,True,585,585,15381
1000,0.0004901960784313725,0.007874015748031496,0.0004901960784313725,0.12554450295819516,1931.0,1931.0,0.0,/home/sjnair/2023-dietary-plants/db/Sketched-db/db.crop-plant-entrez.ref.100.sig.zip,"NC_039694.1 Capsicum pubescens chloroplast, complete genome",6488123c8f890dfcb386fc30cdffabed,0.007874015748031496,1000,1,1000,input/weight_loss/ERR11520701_2.fastq.gz,ERR11520701,028fbbca,2040000,51,DNA,1000,2040,True,0.8612025177683197,0.9093874295165494,0.8852949736424345,0.9093874295165494,True,1931,2516,15381
1000,0.0004901960784313725,0.008547008547008548,0.0004901960784313725,0.01930953774136922,297.0,297.0,0.0,/home/sjnair/2023-dietary-plants/db/Sketched-db/db.crop-plant-entrez.ref.100.sig.zip,"NC_029850.1 Coriandrum sativum chloroplast, complete genome",e08bca52b0281d87ff2e618146babbca,0.008547008547008548,1000,2,0,input/weight_loss/ERR11520701_2.fastq.gz,ERR11520701,028fbbca,2040000,51,DNA,1000,2040,True,0.8612025177683197,0.9108509928265499,0.8860267552974348,0.9108509928265499,True,297,2813,15381
