intersect_bp,f_orig_query,f_match,f_unique_to_query,f_unique_weighted,average_abund,median_abund,std_abund,filename,name,md5,f_match_orig,unique_intersect_bp,gather_result_rank,remaining_bp,query_filename,query_name,query_md5,query_bp,ksize,moltype,scaled,query_n_hashes,query_abundance,query_containment_ani,match_containment_ani,average_containment_ani,max_containment_ani,potential_false_negative,n_unique_weighted_found,sum_weighted_found,total_weighted_hashes
2000,0.0010509721492380452,0.015873015873015872,0.0010509721492380452,0.0007243460764587525,4.5,4.5,1.5,/home/sjnair/2023-dietary-plants/db/Sketched-db/db.crop-plant-entrez.ref.100.sig.zip,"NC_061691.1 Camellia sinensis var. pubilimba chloroplast, complete genome",5e87aacd93d96988c7354574dd4a28ce,0.015873015873015872,2000,0,2000,input/weight_loss/ERR11520693_2.fastq.gz,ERR11520693,ba4362c4,1903000,31,DNA,1000,1903,True,0.8015346417898994,0.8748966557597297,0.8382156487748146,0.8748966557597297,True,9,9,12425
1000,0.0005254860746190226,0.008547008547008548,0.0005254860746190226,0.03436619718309859,427.0,427.0,0.0,/home/sjnair/2023-dietary-plants/db/Sketched-db/db.crop-plant-entrez.ref.100.sig.zip,"NC_065148.1 Cucurbita argyrosperma chloroplast, complete genome",a5afb40825e6c667bbc01dae466b871a,0.008547008547008548,1000,1,1000,input/weight_loss/ERR11520693_2.fastq.gz,ERR11520693,ba4362c4,1903000,31,DNA,1000,1903,True,0.78381153768207,0.8575991206515995,0.8207053291668347,0.8575991206515995,True,427,436,12425
1000,0.0005254860746190226,0.007142857142857143,0.0005254860746190226,0.00032193158953722336,4.0,4.0,0.0,/home/sjnair/2023-dietary-plants/db/Sketched-db/db.crop-plant-entrez.ref.100.sig.zip,"NC_058926.1 Ensete ventricosum chloroplast, complete genome",2c51800e700a89cdea356c5f21eeed23,0.007142857142857143,1000,2,0,input/weight_loss/ERR11520693_2.fastq.gz,ERR11520693,ba4362c4,1903000,31,DNA,1000,1903,True,0.78381153768207,0.8526485608465693,0.8182300492643196,0.8526485608465693,True,4,440,12425
