intersect_bp,f_orig_query,f_match,f_unique_to_query,f_unique_weighted,average_abund,median_abund,std_abund,filename,name,md5,f_match_orig,unique_intersect_bp,gather_result_rank,remaining_bp,query_filename,query_name,query_md5,query_bp,ksize,moltype,scaled,query_n_hashes,query_abundance,query_containment_ani,match_containment_ani,average_containment_ani,max_containment_ani,potential_false_negative,n_unique_weighted_found,sum_weighted_found,total_weighted_hashes
1000,0.0006381620931716656,0.007936507936507936,0.0006381620931716656,0.0002690341673392521,1.0,1.0,0.0,/home/sjnair/2023-dietary-plants/db/Sketched-db/db.crop-plant-entrez.ref.100.sig.zip,"NC_061691.1 Camellia sinensis var. pubilimba chloroplast, complete genome",5e87aacd93d96988c7354574dd4a28ce,0.007936507936507936,1000,0,3000,input/weight_loss/ERR11520717_2.fastq.gz,ERR11520717,998a4886,1567000,31,DNA,1000,1567,True,0.7887388959175582,0.8555514101456471,0.8221451530316026,0.8555514101456471,True,1,1,3717
1000,0.0006381620931716656,0.008620689655172414,0.0006381620931716656,0.023944040893193436,89.0,89.0,0.0,/home/sjnair/2023-dietary-plants/db/Sketched-db/db.crop-plant-entrez.ref.100.sig.zip,"NC_058583.1 Cucurbita ficifolia chloroplast, complete genome",cf04d20d9d40eabf7a0590795f18ac88,0.008620689655172414,1000,1,2000,input/weight_loss/ERR11520717_2.fastq.gz,ERR11520717,998a4886,1567000,31,DNA,1000,1567,True,0.7887388959175582,0.8578366184033578,0.823287757160458,0.8578366184033578,True,89,90,3717
1000,0.0006381620931716656,0.009259259259259259,0.0006381620931716656,0.005649717514124294,21.0,21.0,0.0,/home/sjnair/2023-dietary-plants/db/Sketched-db/db.crop-plant-entrez.ref.100.sig.zip,"NC_046838.1 Salvia hispanica chloroplast, complete genome",6abb4b5830b7dea721695ca4d6c0e17a,0.009259259259259259,1000,2,1000,input/weight_loss/ERR11520717_2.fastq.gz,ERR11520717,998a4886,1567000,31,DNA,1000,1567,True,0.7887388959175582,0.8598163223594489,0.8242776091385036,0.8598163223594489,True,21,111,3717
1000,0.0006381620931716656,0.008547008547008548,0.0006381620931716656,0.0005380683346785041,2.0,2.0,0.0,/home/sjnair/2023-dietary-plants/db/Sketched-db/db.crop-plant-entrez.ref.100.sig.zip,"NC_039628.1 Hodgsonia macrocarpa chloroplast, complete genome",fef9a80cb6754f29ec097ae918cc1623,0.008547008547008548,1000,3,0,input/weight_loss/ERR11520717_2.fastq.gz,ERR11520717,998a4886,1567000,31,DNA,1000,1567,True,0.7887388959175582,0.8575991206515995,0.8231690082845788,0.8575991206515995,True,2,113,3717
