intersect_bp,f_orig_query,f_match,f_unique_to_query,f_unique_weighted,average_abund,median_abund,std_abund,filename,name,md5,f_match_orig,unique_intersect_bp,gather_result_rank,remaining_bp,query_filename,query_name,query_md5,query_bp,ksize,moltype,scaled,query_n_hashes,query_abundance,query_containment_ani,match_containment_ani,average_containment_ani,max_containment_ani,potential_false_negative,n_unique_weighted_found,sum_weighted_found,total_weighted_hashes
1000,0.0004768717215069146,0.008547008547008548,0.0004768717215069146,0.06579542598642875,1309.0,1309.0,0.0,/home/sjnair/2023-dietary-plants/db/Sketched-db/db.crop-plant-entrez.ref.100.sig.zip,"NC_065148.1 Cucurbita argyrosperma chloroplast, complete genome",a5afb40825e6c667bbc01dae466b871a,0.008547008547008548,1000,0,2000,input/weight_loss/ERR11520705_2.fastq.gz,ERR11520705,dcf02e5a,2097000,31,DNA,1000,2097,True,0.7813608794647411,0.8575991206515995,0.8194800000581703,0.8575991206515995,True,1309,1309,19895
1000,0.0004768717215069146,0.008620689655172414,0.0004768717215069146,0.0011560693641618498,23.0,23.0,0.0,/home/sjnair/2023-dietary-plants/db/Sketched-db/db.crop-plant-entrez.ref.100.sig.zip,"NC_058583.1 Cucurbita ficifolia chloroplast, complete genome",cf04d20d9d40eabf7a0590795f18ac88,0.008620689655172414,1000,1,1000,input/weight_loss/ERR11520705_2.fastq.gz,ERR11520705,dcf02e5a,2097000,31,DNA,1000,2097,True,0.7813608794647411,0.8578366184033578,0.8195987489340495,0.8578366184033578,True,23,1332,19895
1000,0.0004768717215069146,0.008547008547008548,0.0004768717215069146,0.00010052777079668258,2.0,2.0,0.0,/home/sjnair/2023-dietary-plants/db/Sketched-db/db.crop-plant-entrez.ref.100.sig.zip,"NC_039628.1 Hodgsonia macrocarpa chloroplast, complete genome",fef9a80cb6754f29ec097ae918cc1623,0.008547008547008548,1000,2,0,input/weight_loss/ERR11520705_2.fastq.gz,ERR11520705,dcf02e5a,2097000,31,DNA,1000,2097,True,0.7813608794647411,0.8575991206515995,0.8194800000581703,0.8575991206515995,True,2,1334,19895
