intersect_bp,f_orig_query,f_match,f_unique_to_query,f_unique_weighted,average_abund,median_abund,std_abund,filename,name,md5,f_match_orig,unique_intersect_bp,gather_result_rank,remaining_bp,query_filename,query_name,query_md5,query_bp,ksize,moltype,scaled,query_n_hashes,query_abundance,query_containment_ani,match_containment_ani,average_containment_ani,max_containment_ani,potential_false_negative,n_unique_weighted_found,sum_weighted_found,total_weighted_hashes
1000,0.0003827018752391887,0.008547008547008548,0.0003827018752391887,0.0009109127345600292,5.0,5.0,0.0,/home/sjnair/2023-dietary-plants/db/Sketched-db/db.crop-plant-entrez.ref.100.sig.zip,"NC_065148.1 Cucurbita argyrosperma chloroplast, complete genome",a5afb40825e6c667bbc01dae466b871a,0.008547008547008548,1000,0,3000,input/weight_loss/ERR11520725_2.fastq.gz,ERR11520725,8a93003a,2613000,31,DNA,1000,2613,True,0.775835586955979,0.8575991206515995,0.8167173538037893,0.8575991206515995,True,5,5,5489
1000,0.0003827018752391887,0.007936507936507936,0.0003827018752391887,0.04718527965020951,259.0,259.0,0.0,/home/sjnair/2023-dietary-plants/db/Sketched-db/db.crop-plant-entrez.ref.100.sig.zip,"NC_061691.1 Camellia sinensis var. pubilimba chloroplast, complete genome",5e87aacd93d96988c7354574dd4a28ce,0.007936507936507936,1000,1,2000,input/weight_loss/ERR11520725_2.fastq.gz,ERR11520725,8a93003a,2613000,31,DNA,1000,2613,True,0.775835586955979,0.8555514101456471,0.8156934985508131,0.8555514101456471,True,259,264,5489
1000,0.0003827018752391887,0.008620689655172414,0.0003827018752391887,0.03971579522681727,218.0,218.0,0.0,/home/sjnair/2023-dietary-plants/db/Sketched-db/db.crop-plant-entrez.ref.100.sig.zip,"NC_058583.1 Cucurbita ficifolia chloroplast, complete genome",cf04d20d9d40eabf7a0590795f18ac88,0.008620689655172414,1000,2,1000,input/weight_loss/ERR11520725_2.fastq.gz,ERR11520725,8a93003a,2613000,31,DNA,1000,2613,True,0.775835586955979,0.8578366184033578,0.8168361026796684,0.8578366184033578,True,218,482,5489
1000,0.0003827018752391887,0.008547008547008548,0.0003827018752391887,0.002004008016032064,11.0,11.0,0.0,/home/sjnair/2023-dietary-plants/db/Sketched-db/db.crop-plant-entrez.ref.100.sig.zip,"NC_039628.1 Hodgsonia macrocarpa chloroplast, complete genome",fef9a80cb6754f29ec097ae918cc1623,0.008547008547008548,1000,3,0,input/weight_loss/ERR11520725_2.fastq.gz,ERR11520725,8a93003a,2613000,31,DNA,1000,2613,True,0.775835586955979,0.8575991206515995,0.8167173538037893,0.8575991206515995,True,11,493,5489
