intersect_bp,f_orig_query,f_match,f_unique_to_query,f_unique_weighted,average_abund,median_abund,std_abund,filename,name,md5,f_match_orig,unique_intersect_bp,gather_result_rank,remaining_bp,query_filename,query_name,query_md5,query_bp,ksize,moltype,scaled,query_n_hashes,query_abundance,query_containment_ani,match_containment_ani,average_containment_ani,max_containment_ani,potential_false_negative,n_unique_weighted_found,sum_weighted_found,total_weighted_hashes
1000,0.0003869969040247678,0.008695652173913044,0.0003869969040247678,0.002614934179648213,117.0,117.0,0.0,/home/sjnair/2023-dietary-plants/db/Sketched-db/db.crop-plant-entrez.ref.100.sig.zip,"NC_046838.1 Salvia hispanica chloroplast, complete genome",49d404041e8c5179e31438a1218f053f,0.008695652173913044,1000,0,2000,input/weight_loss/ERR11520727_2.fastq.gz,ERR11520727,61ea83f9,2584000,51,DNA,1000,2584,True,0.8572200170238059,0.9111589805028507,0.8841894987633283,0.9111589805028507,True,117,117,44743
1000,0.0003869969040247678,0.007874015748031496,0.0003869969040247678,0.00934224347942695,418.0,418.0,0.0,/home/sjnair/2023-dietary-plants/db/Sketched-db/db.crop-plant-entrez.ref.100.sig.zip,"NC_039694.1 Capsicum pubescens chloroplast, complete genome",6488123c8f890dfcb386fc30cdffabed,0.007874015748031496,1000,1,1000,input/weight_loss/ERR11520727_2.fastq.gz,ERR11520727,61ea83f9,2584000,51,DNA,1000,2584,True,0.8572200170238059,0.9093874295165494,0.8833037232701777,0.9093874295165494,True,418,535,44743
1000,0.0003869969040247678,0.008547008547008548,0.0003869969040247678,8.939945913327224e-05,4.0,4.0,0.0,/home/sjnair/2023-dietary-plants/db/Sketched-db/db.crop-plant-entrez.ref.100.sig.zip,"NC_029850.1 Coriandrum sativum chloroplast, complete genome",e08bca52b0281d87ff2e618146babbca,0.008547008547008548,1000,2,0,input/weight_loss/ERR11520727_2.fastq.gz,ERR11520727,61ea83f9,2584000,51,DNA,1000,2584,True,0.8572200170238059,0.9108509928265499,0.8840355049251779,0.9108509928265499,True,4,539,44743
