intersect_bp,f_orig_query,f_match,f_unique_to_query,f_unique_weighted,average_abund,median_abund,std_abund,filename,name,md5,f_match_orig,unique_intersect_bp,gather_result_rank,remaining_bp,query_filename,query_name,query_md5,query_bp,ksize,moltype,scaled,query_n_hashes,query_abundance,query_containment_ani,match_containment_ani,average_containment_ani,max_containment_ani,potential_false_negative,n_unique_weighted_found,sum_weighted_found,total_weighted_hashes
1000,0.0004269854824935952,0.008547008547008548,0.0004269854824935952,0.0011636927851047323,6.0,6.0,0.0,/home/sjnair/2023-dietary-plants/db/Sketched-db/db.crop-plant-entrez.ref.100.sig.zip,"NC_065148.1 Cucurbita argyrosperma chloroplast, complete genome",a5afb40825e6c667bbc01dae466b871a,0.008547008547008548,1000,0,2000,input/weight_loss/ERR11520728_2.fastq.gz,ERR11520728,b977d83b,2342000,31,DNA,1000,2342,True,0.7785807264682783,0.8575991206515995,0.8180899235599388,0.8575991206515995,True,6,6,5156
1000,0.0004269854824935952,0.008620689655172414,0.0004269854824935952,0.05430566330488751,280.0,280.0,0.0,/home/sjnair/2023-dietary-plants/db/Sketched-db/db.crop-plant-entrez.ref.100.sig.zip,"NC_058583.1 Cucurbita ficifolia chloroplast, complete genome",cf04d20d9d40eabf7a0590795f18ac88,0.008620689655172414,1000,1,1000,input/weight_loss/ERR11520728_2.fastq.gz,ERR11520728,b977d83b,2342000,31,DNA,1000,2342,True,0.7785807264682783,0.8578366184033578,0.818208672435818,0.8578366184033578,True,280,286,5156
1000,0.0004269854824935952,0.008547008547008548,0.0004269854824935952,0.0005818463925523662,3.0,3.0,0.0,/home/sjnair/2023-dietary-plants/db/Sketched-db/db.crop-plant-entrez.ref.100.sig.zip,"NC_039628.1 Hodgsonia macrocarpa chloroplast, complete genome",fef9a80cb6754f29ec097ae918cc1623,0.008547008547008548,1000,2,0,input/weight_loss/ERR11520728_2.fastq.gz,ERR11520728,b977d83b,2342000,31,DNA,1000,2342,True,0.7785807264682783,0.8575991206515995,0.8180899235599388,0.8575991206515995,True,3,289,5156
