intersect_bp,f_orig_query,f_match,f_unique_to_query,f_unique_weighted,average_abund,median_abund,std_abund,filename,name,md5,f_match_orig,unique_intersect_bp,gather_result_rank,remaining_bp,query_filename,query_name,query_md5,query_bp,ksize,moltype,scaled,query_n_hashes,query_abundance,query_containment_ani,match_containment_ani,average_containment_ani,max_containment_ani,potential_false_negative,n_unique_weighted_found,sum_weighted_found,total_weighted_hashes
1000,0.0004344048653344917,0.006289308176100629,0.0004344048653344917,8.527330092947898e-05,1.0,1.0,0.0,/home/sjnair/2023-dietary-plants/db/Sketched-db/db.crop-plant-entrez.ref.100.sig.zip,"NC_080516.1 Ribes rubrum chloroplast, complete genome",e7f19e417613ab8a367d3898b8277c3b,0.006289308176100629,1000,0,3000,input/weight_loss/ERR11520695_2.fastq.gz,ERR11520695,1552fb60,2302000,51,DNA,1000,2302,True,0.8591645836184948,0.9053892851119669,0.8822769343652308,0.9053892851119669,True,1,1,11727
1000,0.0004344048653344917,0.008928571428571428,0.0004344048653344917,0.007333503879935192,86.0,86.0,0.0,/home/sjnair/2023-dietary-plants/db/Sketched-db/db.crop-plant-entrez.ref.100.sig.zip,"NC_054176.1 Mucuna pruriens plastid, complete genome",a830baceb11fcbd31c0a730bc529bb6c,0.008928571428571428,1000,1,2000,input/weight_loss/ERR11520695_2.fastq.gz,ERR11520695,1552fb60,2302000,51,DNA,1000,2302,True,0.8591645836184948,0.9116313558407262,0.8853979697296105,0.9116313558407262,True,86,87,11727
1000,0.0004344048653344917,0.007874015748031496,0.0004344048653344917,0.08936641937409397,1048.0,1048.0,0.0,/home/sjnair/2023-dietary-plants/db/Sketched-db/db.crop-plant-entrez.ref.100.sig.zip,"NC_039694.1 Capsicum pubescens chloroplast, complete genome",6488123c8f890dfcb386fc30cdffabed,0.007874015748031496,1000,2,1000,input/weight_loss/ERR11520695_2.fastq.gz,ERR11520695,1552fb60,2302000,51,DNA,1000,2302,True,0.8591645836184948,0.9093874295165494,0.8842760065675221,0.9093874295165494,True,1048,1135,11727
1000,0.0004344048653344917,0.008547008547008548,0.0004344048653344917,0.023791250959324637,279.0,279.0,0.0,/home/sjnair/2023-dietary-plants/db/Sketched-db/db.crop-plant-entrez.ref.100.sig.zip,"NC_029850.1 Coriandrum sativum chloroplast, complete genome",e08bca52b0281d87ff2e618146babbca,0.008547008547008548,1000,3,0,input/weight_loss/ERR11520695_2.fastq.gz,ERR11520695,1552fb60,2302000,51,DNA,1000,2302,True,0.8591645836184948,0.9108509928265499,0.8850077882225224,0.9108509928265499,True,279,1414,11727
