intersect_bp,f_orig_query,f_match,f_unique_to_query,f_unique_weighted,average_abund,median_abund,std_abund,filename,name,md5,f_match_orig,unique_intersect_bp,gather_result_rank,remaining_bp,query_filename,query_name,query_md5,query_bp,ksize,moltype,scaled,query_n_hashes,query_abundance,query_containment_ani,match_containment_ani,average_containment_ani,max_containment_ani,potential_false_negative,n_unique_weighted_found,sum_weighted_found,total_weighted_hashes
1000,0.0005202913631633715,0.008928571428571428,0.0005202913631633715,0.009228281476525036,331.0,331.0,0.0,/home/sjnair/2023-dietary-plants/db/Sketched-db/db.crop-plant-entrez.ref.100.sig.zip,"NC_054176.1 Mucuna pruriens plastid, complete genome",a830baceb11fcbd31c0a730bc529bb6c,0.008928571428571428,1000,0,3000,input/weight_loss/ERR11520712_2.fastq.gz,ERR11520712,723c20a8,1922000,51,DNA,1000,1922,True,0.8622092519728581,0.9116313558407262,0.8869203039067921,0.9116313558407262,True,331,331,35868
1000,0.0005202913631633715,0.009523809523809525,0.0005202913631633715,0.00861492137838742,309.0,309.0,0.0,/home/sjnair/2023-dietary-plants/db/Sketched-db/db.crop-plant-entrez.ref.100.sig.zip,"NC_044082.1 Mentha canadensis chloroplast, complete genome",52da8bde430208fed2ad62cc6a93a7b3,0.009523809523809525,1000,1,2000,input/weight_loss/ERR11520712_2.fastq.gz,ERR11520712,723c20a8,1922000,51,DNA,1000,1922,True,0.8622092519728581,0.9127857201967318,0.887497486084795,0.9127857201967318,True,309,640,35868
1000,0.0005202913631633715,0.007874015748031496,0.0005202913631633715,0.006133600981376157,220.0,220.0,0.0,/home/sjnair/2023-dietary-plants/db/Sketched-db/db.crop-plant-entrez.ref.100.sig.zip,"NC_039694.1 Capsicum pubescens chloroplast, complete genome",6488123c8f890dfcb386fc30cdffabed,0.007874015748031496,1000,2,1000,input/weight_loss/ERR11520712_2.fastq.gz,ERR11520712,723c20a8,1922000,51,DNA,1000,1922,True,0.8622092519728581,0.9093874295165494,0.8857983407447038,0.9093874295165494,True,220,860,35868
1000,0.0005202913631633715,0.008547008547008548,0.0005202913631633715,0.002704360432697669,97.0,97.0,0.0,/home/sjnair/2023-dietary-plants/db/Sketched-db/db.crop-plant-entrez.ref.100.sig.zip,"NC_029850.1 Coriandrum sativum chloroplast, complete genome",e08bca52b0281d87ff2e618146babbca,0.008547008547008548,1000,3,0,input/weight_loss/ERR11520712_2.fastq.gz,ERR11520712,723c20a8,1922000,51,DNA,1000,1922,True,0.8622092519728581,0.9108509928265499,0.886530122399704,0.9108509928265499,True,97,957,35868
