intersect_bp,f_orig_query,f_match,f_unique_to_query,f_unique_weighted,average_abund,median_abund,std_abund,filename,name,md5,f_match_orig,unique_intersect_bp,gather_result_rank,remaining_bp,query_filename,query_name,query_md5,query_bp,ksize,moltype,scaled,query_n_hashes,query_abundance,query_containment_ani,match_containment_ani,average_containment_ani,max_containment_ani,potential_false_negative,n_unique_weighted_found,sum_weighted_found,total_weighted_hashes
1000,0.00034106412005457026,0.007751937984496124,0.00034106412005457026,0.0017967699925482794,258.0,258.0,0.0,/home/sjnair/2023-dietary-plants/db/Sketched-db/db.plant-entrez-ref.1000.sig.zip,"NC_072696.1 Capsicum baccatum chloroplast, complete genome",b6a57e1e6dfa3010ce76aa25768b884b,0.007751937984496124,1000,0,3000,input/weight_loss/ERR11520689_2.fastq.gz,ERR11520689,2fddd5b6,293200,51,DNA,1000,2932,True,0.8550989887329314,0.9091088551799642,0.8821039219564478,0.9091088551799642,True,258,258,143591
1000,0.00034106412005457026,0.008620689655172414,0.00034106412005457026,2.785689910927565e-05,4.0,4.0,0.0,/home/sjnair/2023-dietary-plants/db/Sketched-db/db.plant-entrez-ref.1000.sig.zip,"NC_071812.1 Seselopsis tianschanica voucher 16CS13419 chloroplast, complete genome",8457546dd89dafca8b40c24c67be56db,0.008620689655172414,1000,1,2000,input/weight_loss/ERR11520689_2.fastq.gz,ERR11520689,2fddd5b6,293200,51,DNA,1000,2932,True,0.8550989887329314,0.9110043098748272,0.8830516493038794,0.9110043098748272,True,4,262,143591
1000,0.00034106412005457026,0.007407407407407408,0.00034106412005457026,1.3928449554637825e-05,2.0,2.0,0.0,/home/sjnair/2023-dietary-plants/db/Sketched-db/db.plant-entrez-ref.1000.sig.zip,"NC_065734.1 Physocarpus amurensis chloroplast, complete genome",12cb0badfe34d4397772d5e17ea5dd47,0.007407407407407408,1000,2,1000,input/weight_loss/ERR11520689_2.fastq.gz,ERR11520689,2fddd5b6,293200,51,DNA,1000,2932,True,0.8550989887329314,0.9082988192772692,0.8816989040051003,0.9082988192772692,True,2,264,143591
1000,0.00034106412005457026,0.008,0.00034106412005457026,0.0007312436016184858,105.0,105.0,0.0,/home/sjnair/2023-dietary-plants/db/Sketched-db/db.plant-entrez-ref.1000.sig.zip,"NC_062369.1 Tordylium lanatum chloroplast, complete genome",9f9b91fa541da939e65a84030ae49307,0.008,1000,3,0,input/weight_loss/ERR11520689_2.fastq.gz,ERR11520689,2fddd5b6,293200,51,DNA,1000,2932,True,0.8550989887329314,0.9096705132580012,0.8823847509954663,0.9096705132580012,True,105,369,143591
