intersect_bp,f_orig_query,f_match,f_unique_to_query,f_unique_weighted,average_abund,median_abund,std_abund,filename,name,md5,f_match_orig,unique_intersect_bp,gather_result_rank,remaining_bp,query_filename,query_name,query_md5,query_bp,ksize,moltype,scaled,query_n_hashes,query_abundance,query_containment_ani,match_containment_ani,average_containment_ani,max_containment_ani,potential_false_negative,n_unique_weighted_found,sum_weighted_found,total_weighted_hashes
1000,0.0006116207951070336,0.007633587786259542,0.0006116207951070336,0.009537101651546871,82.0,82.0,0.0,/home/sjnair/2023-dietary-plants/db/Sketched-db/db.plant-entrez-ref.1000.sig.zip,"NC_080274.1 Camellia uraku chloroplast, complete genome",e41a59c62c754817db6a3c4f403c82f4,0.007633587786259542,1000,0,2000,input/weight_loss/ERR11520700_2.fastq.gz,ERR11520700,30c6bdd6,163500,31,DNA,1000,1635,True,0.7876588134412891,0.8544780794900124,0.8210684464656508,0.8544780794900124,True,82,82,8598
1000,0.0006116207951070336,0.007246376811594203,0.0006116207951070336,0.00023261223540358222,2.0,2.0,0.0,/home/sjnair/2023-dietary-plants/db/Sketched-db/db.plant-entrez-ref.1000.sig.zip,"NC_080254.1 Bonnaya tenuifolia chloroplast, complete genome",24f54d7cb6449c35d6e1dcc11d8d3174,0.007246376811594203,1000,1,1000,input/weight_loss/ERR11520700_2.fastq.gz,ERR11520700,30c6bdd6,163500,31,DNA,1000,1635,True,0.7876588134412891,0.8530444119420326,0.8203516126916608,0.8530444119420326,True,2,84,8598
1000,0.0006116207951070336,0.007194244604316547,0.0006116207951070336,0.00011630611770179111,1.0,1.0,0.0,/home/sjnair/2023-dietary-plants/db/Sketched-db/db.plant-entrez-ref.1000.sig.zip,"NC_065240.1 Geum urbanum chloroplast, complete genome",888825dc3c1c00263fb50d526d9a5943,0.007194244604316547,1000,2,0,input/weight_loss/ERR11520700_2.fastq.gz,ERR11520700,30c6bdd6,163500,31,DNA,1000,1635,True,0.7876588134412891,0.8528457514591357,0.8202522824502123,0.8528457514591357,True,1,85,8598
