intersect_bp,f_orig_query,f_match,f_unique_to_query,f_unique_weighted,average_abund,median_abund,std_abund,filename,name,md5,f_match_orig,unique_intersect_bp,gather_result_rank,remaining_bp,query_filename,query_name,query_md5,query_bp,ksize,moltype,scaled,query_n_hashes,query_abundance,query_containment_ani,match_containment_ani,average_containment_ani,max_containment_ani,potential_false_negative,n_unique_weighted_found,sum_weighted_found,total_weighted_hashes
1000,0.0002737476047084588,0.008620689655172414,0.0002737476047084588,0.001997568177870419,69.0,69.0,0.0,/home/sjnair/2023-dietary-plants/db/Sketched-db/db.plant-entrez-ref.1000.sig.zip,"NC_071812.1 Seselopsis tianschanica voucher 16CS13419 chloroplast, complete genome",8457546dd89dafca8b40c24c67be56db,0.008620689655172414,1000,0,3000,input/weight_loss/ERR11520719_2.fastq.gz,ERR11520719,51fbafb2,365300,51,DNA,1000,3653,True,0.8514205419955914,0.9110043098748272,0.8812124259352092,0.9110043098748272,True,69,69,34542
1000,0.0002737476047084588,0.007751937984496124,0.0002737476047084588,0.0006369057958427422,22.0,22.0,0.0,/home/sjnair/2023-dietary-plants/db/Sketched-db/db.plant-entrez-ref.1000.sig.zip,"NC_068824.1 Hibiscus moscheutos chloroplast, complete genome",534f70a3290a106e40ac71b15d196e8d,0.007751937984496124,1000,1,2000,input/weight_loss/ERR11520719_2.fastq.gz,ERR11520719,51fbafb2,365300,51,DNA,1000,3653,True,0.8514205419955914,0.9091088551799642,0.8802646985877778,0.9091088551799642,True,22,91,34542
1000,0.0002737476047084588,0.008,0.0002737476047084588,0.003184528979213711,110.0,110.0,0.0,/home/sjnair/2023-dietary-plants/db/Sketched-db/db.plant-entrez-ref.1000.sig.zip,"NC_062369.1 Tordylium lanatum chloroplast, complete genome",9f9b91fa541da939e65a84030ae49307,0.008,1000,2,1000,input/weight_loss/ERR11520719_2.fastq.gz,ERR11520719,51fbafb2,365300,51,DNA,1000,3653,True,0.8514205419955914,0.9096705132580012,0.8805455276267963,0.9096705132580012,True,110,201,34542
1000,0.0002737476047084588,0.008928571428571428,0.0002737476047084588,0.5105378958948527,17635.0,17635.0,0.0,/home/sjnair/2023-dietary-plants/db/Sketched-db/db.plant-entrez-ref.1000.sig.zip,"NC_054176.1 Mucuna pruriens plastid, complete genome",9ec03b0e25c7aff0f1ef919958b69d5e,0.008928571428571428,1000,3,0,input/weight_loss/ERR11520719_2.fastq.gz,ERR11520719,51fbafb2,365300,51,DNA,1000,3653,True,0.8514205419955914,0.9116313558407262,0.8815259489181588,0.9116313558407262,True,17635,17836,34542
