intersect_bp,f_orig_query,f_match,f_unique_to_query,f_unique_weighted,average_abund,median_abund,std_abund,filename,name,md5,f_match_orig,unique_intersect_bp,gather_result_rank,remaining_bp,query_filename,query_name,query_md5,query_bp,ksize,moltype,scaled,query_n_hashes,query_abundance,query_containment_ani,match_containment_ani,average_containment_ani,max_containment_ani,potential_false_negative,n_unique_weighted_found,sum_weighted_found,total_weighted_hashes
1000,0.0003933910306845004,0.008264462809917356,0.0003933910306845004,0.004563758389261745,34.0,34.0,0.0,/home/sjnair/2023-dietary-plants/db/Sketched-db/db.plant-entrez-ref.1000.sig.zip,"NC_080537.1 Trichosanthes quinquangulata chloroplast, complete genome",a2a9bd503ecc18f195b3063c9a590ace,0.008264462809917356,1000,0,3000,input/weight_loss/ERR11520723_2.fastq.gz,ERR11520723,245000b9,254200,31,DNA,1000,2542,True,0.7765253312570513,0.8566696383930442,0.8165974848250477,0.8566696383930442,True,34,34,7450
1000,0.0003933910306845004,0.009009009009009009,0.0003933910306845004,0.1846979865771812,1376.0,1376.0,0.0,/home/sjnair/2023-dietary-plants/db/Sketched-db/db.plant-entrez-ref.1000.sig.zip,"NC_072516.1 Luffa aegyptiaca isolate 23488 chloroplast, complete genome",2d263dd32ce24586bd8eab3895055c8e,0.009009009009009009,1000,1,2000,input/weight_loss/ERR11520723_2.fastq.gz,ERR11520723,245000b9,254200,31,DNA,1000,2542,True,0.7765253312570513,0.859056719858633,0.8177910255578421,0.859056719858633,True,1376,1410,7450
1000,0.0003933910306845004,0.008547008547008548,0.0003933910306845004,0.0036241610738255033,27.0,27.0,0.0,/home/sjnair/2023-dietary-plants/db/Sketched-db/db.plant-entrez-ref.1000.sig.zip,"NC_065148.1 Cucurbita argyrosperma chloroplast, complete genome",d076c3a13e39ae01220415cc39f59ffe,0.008547008547008548,1000,2,1000,input/weight_loss/ERR11520723_2.fastq.gz,ERR11520723,245000b9,254200,31,DNA,1000,2542,True,0.7765253312570513,0.8575991206515995,0.8170622259543254,0.8575991206515995,True,27,1437,7450
1000,0.0003933910306845004,0.006944444444444444,0.0003933910306845004,0.00026845637583892615,2.0,2.0,0.0,/home/sjnair/2023-dietary-plants/db/Sketched-db/db.plant-entrez-ref.1000.sig.zip,"NC_062599.1 Kalidium foliatum chloroplast, complete genome",d05362c23c9e43a504d690cba60da770,0.006944444444444444,1000,3,0,input/weight_loss/ERR11520723_2.fastq.gz,ERR11520723,245000b9,254200,31,DNA,1000,2542,True,0.7765253312570513,0.8518740786810752,0.8141997049690632,0.8518740786810752,True,2,1439,7450
