intersect_bp,f_orig_query,f_match,f_unique_to_query,f_unique_weighted,average_abund,median_abund,std_abund,filename,name,md5,f_match_orig,unique_intersect_bp,gather_result_rank,remaining_bp,query_filename,query_name,query_md5,query_bp,ksize,moltype,scaled,query_n_hashes,query_abundance,query_containment_ani,match_containment_ani,average_containment_ani,max_containment_ani,potential_false_negative,n_unique_weighted_found,sum_weighted_found,total_weighted_hashes
2000,0.0011254924029262803,0.015267175572519083,0.0011254924029262803,0.030966067124049694,83.5,83.5,82.5,/home/sjnair/2023-dietary-plants/db/Sketched-db/db.plant-entrez-ref.1000.sig.zip,"NC_080274.1 Camellia uraku chloroplast, complete genome",e41a59c62c754817db6a3c4f403c82f4,0.015267175572519083,2000,0,2000,input/weight_loss/ERR11520695_2.fastq.gz,ERR11520695,76a7424a,177700,31,DNA,1000,1777,True,0.8033078636271513,0.8737990555570964,0.8385534595921238,0.8737990555570964,True,167,167,5393
2000,0.0011254924029262803,0.007246376811594203,0.0005627462014631402,0.007787873168922678,42.0,42.0,0.0,/home/sjnair/2023-dietary-plants/db/Sketched-db/db.plant-entrez-ref.1000.sig.zip,"NC_080254.1 Bonnaya tenuifolia chloroplast, complete genome",24f54d7cb6449c35d6e1dcc11d8d3174,0.014492753623188406,1000,1,1000,input/weight_loss/ERR11520695_2.fastq.gz,ERR11520695,76a7424a,177700,31,DNA,1000,1777,True,0.8033078636271513,0.8723329707276818,0.8378204171774166,0.8723329707276818,True,42,209,5393
2000,0.0011254924029262803,0.008403361344537815,0.0005627462014631402,0.0003708511032820323,2.0,2.0,0.0,/home/sjnair/2023-dietary-plants/db/Sketched-db/db.plant-entrez-ref.1000.sig.zip,"NC_058321.1 Callicarpa arborea chloroplast, complete genome",db861569c95e4fe8544ce1cfcc872ad4,0.01680672268907563,1000,2,0,input/weight_loss/ERR11520695_2.fastq.gz,ERR11520695,76a7424a,177700,31,DNA,1000,1777,True,0.8033078636271513,0.8765112956327485,0.8399095796299499,0.8765112956327485,True,2,211,5393
