intersect_bp,f_orig_query,f_match,f_unique_to_query,f_unique_weighted,average_abund,median_abund,std_abund,filename,name,md5,f_match_orig,unique_intersect_bp,gather_result_rank,remaining_bp,query_filename,query_name,query_md5,query_bp,ksize,moltype,scaled,query_n_hashes,query_abundance,query_containment_ani,match_containment_ani,average_containment_ani,max_containment_ani,potential_false_negative,n_unique_weighted_found,sum_weighted_found,total_weighted_hashes
1000,0.0003875968992248062,0.007246376811594203,0.0003875968992248062,0.0011337868480725624,6.0,6.0,0.0,/home/sjnair/2023-dietary-plants/db/Sketched-db/db.plant-entrez-ref.1000.sig.zip,"NC_080254.1 Bonnaya tenuifolia chloroplast, complete genome",24f54d7cb6449c35d6e1dcc11d8d3174,0.007246376811594203,1000,0,3000,input/weight_loss/ERR11520721_2.fastq.gz,ERR11520721,3228c43f,258000,31,DNA,1000,2580,True,0.7761537344393004,0.8530444119420326,0.8145990731906665,0.8530444119420326,True,6,6,5292
1000,0.0003875968992248062,0.007194244604316547,0.0003875968992248062,0.0003779289493575208,2.0,2.0,0.0,/home/sjnair/2023-dietary-plants/db/Sketched-db/db.plant-entrez-ref.1000.sig.zip,"NC_065240.1 Geum urbanum chloroplast, complete genome",888825dc3c1c00263fb50d526d9a5943,0.007194244604316547,1000,1,2000,input/weight_loss/ERR11520721_2.fastq.gz,ERR11520721,3228c43f,258000,31,DNA,1000,2580,True,0.7761537344393004,0.8528457514591357,0.814499742949218,0.8528457514591357,True,2,8,5292
1000,0.0003875968992248062,0.012048192771084338,0.0003875968992248062,0.0007558578987150416,4.0,4.0,0.0,/home/sjnair/2023-dietary-plants/db/Sketched-db/db.plant-entrez-ref.1000.sig.zip,"NC_062485.1 Solanum ternatum voucher BM:Clark 9878 chloroplast, complete genome",0cc94d5af88adae1dec63ad21f40bb4b,0.012048192771084338,1000,2,1000,input/weight_loss/ERR11520721_2.fastq.gz,ERR11520721,3228c43f,258000,31,DNA,1000,2580,True,,,,,True,4,12,5292
1000,0.0003875968992248062,0.010752688172043012,0.0003875968992248062,0.0003779289493575208,2.0,2.0,0.0,/home/sjnair/2023-dietary-plants/db/Sketched-db/db.plant-entrez-ref.1000.sig.zip,"NC_052872.1 Cuscuta pedicellata voucher Humbles 10061 plastid, complete genome",aea6411851f439d147215866e0ee2e82,0.010752688172043012,1000,3,0,input/weight_loss/ERR11520721_2.fastq.gz,ERR11520721,3228c43f,258000,31,DNA,1000,2580,True,,,,,True,2,14,5292
