intersect_bp,f_orig_query,f_match,f_unique_to_query,f_unique_weighted,average_abund,median_abund,std_abund,filename,name,md5,f_match_orig,unique_intersect_bp,gather_result_rank,remaining_bp,query_filename,query_name,query_md5,query_bp,ksize,moltype,scaled,query_n_hashes,query_abundance,query_containment_ani,match_containment_ani,average_containment_ani,max_containment_ani,potential_false_negative,n_unique_weighted_found,sum_weighted_found,total_weighted_hashes
1000,0.0005015045135406219,0.007751937984496124,0.0005015045135406219,0.008205689277899343,810.0,810.0,0.0,/home/sjnair/2023-dietary-plants/db/Sketched-db/db.plant-entrez-ref.1000.sig.zip,"NC_072696.1 Capsicum baccatum chloroplast, complete genome",b6a57e1e6dfa3010ce76aa25768b884b,0.007751937984496124,1000,0,2000,input/weight_loss/ERR11520691_2.fastq.gz,ERR11520691,ef53524b,199400,51,DNA,1000,1994,True,0.8615877325862581,0.9091088551799642,0.8853482938831112,0.9091088551799642,True,810,810,98712
1000,0.0005015045135406219,0.008,0.0005015045135406219,3.0391441769997568e-05,3.0,3.0,0.0,/home/sjnair/2023-dietary-plants/db/Sketched-db/db.plant-entrez-ref.1000.sig.zip,"NC_062369.1 Tordylium lanatum chloroplast, complete genome",9f9b91fa541da939e65a84030ae49307,0.008,1000,1,1000,input/weight_loss/ERR11520691_2.fastq.gz,ERR11520691,ef53524b,199400,51,DNA,1000,1994,True,0.8615877325862581,0.9096705132580012,0.8856291229221296,0.9096705132580012,True,3,813,98712
1000,0.0005015045135406219,0.008928571428571428,0.0005015045135406219,0.010718048464219143,1058.0,1058.0,0.0,/home/sjnair/2023-dietary-plants/db/Sketched-db/db.plant-entrez-ref.1000.sig.zip,"NC_054176.1 Mucuna pruriens plastid, complete genome",9ec03b0e25c7aff0f1ef919958b69d5e,0.008928571428571428,1000,2,0,input/weight_loss/ERR11520691_2.fastq.gz,ERR11520691,ef53524b,199400,51,DNA,1000,1994,True,0.8615877325862581,0.9116313558407262,0.8866095442134921,0.9116313558407262,True,1058,1871,98712
