intersect_bp,f_orig_query,f_match,f_unique_to_query,f_unique_weighted,average_abund,median_abund,std_abund,filename,name,md5,f_match_orig,unique_intersect_bp,gather_result_rank,remaining_bp,query_filename,query_name,query_md5,query_bp,ksize,moltype,scaled,query_n_hashes,query_abundance,query_containment_ani,match_containment_ani,average_containment_ani,max_containment_ani,potential_false_negative,n_unique_weighted_found,sum_weighted_found,total_weighted_hashes
1000,0.00035790980672870435,0.007751937984496124,0.00035790980672870435,0.028321304097258432,1032.0,1032.0,0.0,/home/sjnair/2023-dietary-plants/db/Sketched-db/db.plant-entrez-ref.1000.sig.zip,"NC_072696.1 Capsicum baccatum chloroplast, complete genome",b6a57e1e6dfa3010ce76aa25768b884b,0.007751937984496124,1000,0,2000,input/weight_loss/ERR11520713_2.fastq.gz,ERR11520713,68b9fbf1,279400,51,DNA,1000,2794,True,0.8559076997279218,0.9091088551799642,0.882508277453943,0.9091088551799642,True,1032,1032,36439
1000,0.00035790980672870435,0.008620689655172414,0.00035790980672870435,2.7443124125250417e-05,1.0,1.0,0.0,/home/sjnair/2023-dietary-plants/db/Sketched-db/db.plant-entrez-ref.1000.sig.zip,"NC_071812.1 Seselopsis tianschanica voucher 16CS13419 chloroplast, complete genome",8457546dd89dafca8b40c24c67be56db,0.008620689655172414,1000,1,1000,input/weight_loss/ERR11520713_2.fastq.gz,ERR11520713,68b9fbf1,279400,51,DNA,1000,2794,True,0.8559076997279218,0.9110043098748272,0.8834560048013744,0.9110043098748272,True,1,1033,36439
1000,0.00035790980672870435,0.008,0.00035790980672870435,0.0001372156206262521,5.0,5.0,0.0,/home/sjnair/2023-dietary-plants/db/Sketched-db/db.plant-entrez-ref.1000.sig.zip,"NC_062369.1 Tordylium lanatum chloroplast, complete genome",9f9b91fa541da939e65a84030ae49307,0.008,1000,2,0,input/weight_loss/ERR11520713_2.fastq.gz,ERR11520713,68b9fbf1,279400,51,DNA,1000,2794,True,0.8559076997279218,0.9096705132580012,0.8827891064929615,0.9096705132580012,True,5,1038,36439
