intersect_bp,f_orig_query,f_match,f_unique_to_query,f_unique_weighted,average_abund,median_abund,std_abund,filename,name,md5,f_match_orig,unique_intersect_bp,gather_result_rank,remaining_bp,query_filename,query_name,query_md5,query_bp,ksize,moltype,scaled,query_n_hashes,query_abundance,query_containment_ani,match_containment_ani,average_containment_ani,max_containment_ani,potential_false_negative,n_unique_weighted_found,sum_weighted_found,total_weighted_hashes
1000,0.0009832841691248771,0.008620689655172414,0.0009832841691248771,0.00025590173373424605,4.0,4.0,0.0,/home/sjnair/2023-dietary-plants/db/Sketched-db/db.plant-entrez-ref.1000.sig.zip,"NC_071812.1 Seselopsis tianschanica voucher 16CS13419 chloroplast, complete genome",8457546dd89dafca8b40c24c67be56db,0.008620689655172414,1000,0,3000,input/weight_loss/ERR11520699_2.fastq.gz,ERR11520699,4c684c9c,101700,51,DNA,1000,1017,True,0.8730375480961758,0.9110043098748272,0.8920209289855014,0.9110043098748272,True,4,4,15631
1000,0.0009832841691248771,0.008,0.0009832841691248771,0.08412769496513339,1315.0,1315.0,0.0,/home/sjnair/2023-dietary-plants/db/Sketched-db/db.plant-entrez-ref.1000.sig.zip,"NC_062369.1 Tordylium lanatum chloroplast, complete genome",9f9b91fa541da939e65a84030ae49307,0.008,1000,1,2000,input/weight_loss/ERR11520699_2.fastq.gz,ERR11520699,4c684c9c,101700,51,DNA,1000,1017,True,0.8730375480961758,0.9096705132580012,0.8913540306770885,0.9096705132580012,True,1315,1319,15631
1000,0.0009832841691248771,0.007194244604316547,0.0009832841691248771,6.397543343356151e-05,1.0,1.0,0.0,/home/sjnair/2023-dietary-plants/db/Sketched-db/db.plant-entrez-ref.1000.sig.zip,"NC_058745.1 Leymus triticoides isolate PI516195 chloroplast, complete genome",1e59500dcd1cd7fd30c74d2ca7cbfec4,0.007194244604316547,1000,2,1000,input/weight_loss/ERR11520699_2.fastq.gz,ERR11520699,4c684c9c,101700,51,DNA,1000,1017,True,0.8730375480961758,0.9077789375722995,0.8904082428342377,0.9077789375722995,True,1,1320,15631
1000,0.0009832841691248771,0.008547008547008548,0.0009832841691248771,0.00012795086686712303,2.0,2.0,0.0,/home/sjnair/2023-dietary-plants/db/Sketched-db/db.plant-entrez-ref.1000.sig.zip,"NC_027650.1 Sporobolus maritimus chloroplast, complete genome",ec8aa9326f1b194197a3e00e80a45d29,0.008547008547008548,1000,3,0,input/weight_loss/ERR11520699_2.fastq.gz,ERR11520699,4c684c9c,101700,51,DNA,1000,1017,True,0.8730375480961758,0.9108509928265499,0.8919442704613629,0.9108509928265499,True,2,1322,15631
