intersect_bp,f_orig_query,f_match,f_unique_to_query,f_unique_weighted,average_abund,median_abund,std_abund,filename,name,md5,f_match_orig,unique_intersect_bp,gather_result_rank,remaining_bp,query_filename,query_name,query_md5,query_bp,ksize,moltype,scaled,query_n_hashes,query_abundance,query_containment_ani,match_containment_ani,average_containment_ani,max_containment_ani,potential_false_negative,n_unique_weighted_found,sum_weighted_found,total_weighted_hashes
1000,0.0004137360364087712,0.008264462809917356,0.0004137360364087712,0.00517464424320828,36.0,36.0,0.0,/home/sjnair/2023-dietary-plants/db/Sketched-db/db.plant-entrez-ref.1000.sig.zip,"NC_080537.1 Trichosanthes quinquangulata chloroplast, complete genome",a2a9bd503ecc18f195b3063c9a590ace,0.008264462809917356,1000,0,3000,input/weight_loss/ERR11520720_2.fastq.gz,ERR11520720,a82b280c,241700,31,DNA,1000,2417,True,0.7777894419227023,0.8566696383930442,0.8172295401578733,0.8566696383930442,True,36,36,6957
1000,0.0004137360364087712,0.009009009009009009,0.0004137360364087712,0.19678022135978152,1369.0,1369.0,0.0,/home/sjnair/2023-dietary-plants/db/Sketched-db/db.plant-entrez-ref.1000.sig.zip,"NC_072516.1 Luffa aegyptiaca isolate 23488 chloroplast, complete genome",2d263dd32ce24586bd8eab3895055c8e,0.009009009009009009,1000,1,2000,input/weight_loss/ERR11520720_2.fastq.gz,ERR11520720,a82b280c,241700,31,DNA,1000,2417,True,0.7777894419227023,0.859056719858633,0.8184230808906676,0.859056719858633,True,1369,1405,6957
1000,0.0004137360364087712,0.008547008547008548,0.0004137360364087712,0.0038809831824062097,27.0,27.0,0.0,/home/sjnair/2023-dietary-plants/db/Sketched-db/db.plant-entrez-ref.1000.sig.zip,"NC_065148.1 Cucurbita argyrosperma chloroplast, complete genome",d076c3a13e39ae01220415cc39f59ffe,0.008547008547008548,1000,2,1000,input/weight_loss/ERR11520720_2.fastq.gz,ERR11520720,a82b280c,241700,31,DNA,1000,2417,True,0.7777894419227023,0.8575991206515995,0.8176942812871508,0.8575991206515995,True,27,1432,6957
1000,0.0004137360364087712,0.010752688172043012,0.0004137360364087712,0.00014374011786689664,1.0,1.0,0.0,/home/sjnair/2023-dietary-plants/db/Sketched-db/db.plant-entrez-ref.1000.sig.zip,"NC_052872.1 Cuscuta pedicellata voucher Humbles 10061 plastid, complete genome",aea6411851f439d147215866e0ee2e82,0.010752688172043012,1000,3,0,input/weight_loss/ERR11520720_2.fastq.gz,ERR11520720,a82b280c,241700,31,DNA,1000,2417,True,,,,,True,1,1433,6957
