intersect_bp,f_orig_query,f_match,f_unique_to_query,f_unique_weighted,average_abund,median_abund,std_abund,filename,name,md5,f_match_orig,unique_intersect_bp,gather_result_rank,remaining_bp,query_filename,query_name,query_md5,query_bp,ksize,moltype,scaled,query_n_hashes,query_abundance,query_containment_ani,match_containment_ani,average_containment_ani,max_containment_ani,potential_false_negative,n_unique_weighted_found,sum_weighted_found,total_weighted_hashes
1000,0.0005803830528148578,0.007633587786259542,0.0005803830528148578,0.5690385581963093,7925.0,7925.0,0.0,/home/sjnair/2023-dietary-plants/db/Sketched-db/db.plant-entrez-ref.1000.sig.zip,"NC_080274.1 Camellia uraku chloroplast, complete genome",e41a59c62c754817db6a3c4f403c82f4,0.007633587786259542,1000,0,2000,input/weight_loss/ERR11520690_2.fastq.gz,ERR11520690,883c07cf,172300,31,DNA,1000,1723,True,0.7863279279188118,0.8544780794900124,0.8204030037044121,0.8544780794900124,True,7925,7925,13927
1000,0.0005803830528148578,0.007246376811594203,0.0005803830528148578,0.001005241617002944,14.0,14.0,0.0,/home/sjnair/2023-dietary-plants/db/Sketched-db/db.plant-entrez-ref.1000.sig.zip,"NC_080254.1 Bonnaya tenuifolia chloroplast, complete genome",24f54d7cb6449c35d6e1dcc11d8d3174,0.007246376811594203,1000,1,1000,input/weight_loss/ERR11520690_2.fastq.gz,ERR11520690,883c07cf,172300,31,DNA,1000,1723,True,0.7863279279188118,0.8530444119420326,0.8196861699304222,0.8530444119420326,True,14,7939,13927
1000,0.0005803830528148578,0.0078125,0.0005803830528148578,0.00014360594528613484,2.0,2.0,0.0,/home/sjnair/2023-dietary-plants/db/Sketched-db/db.plant-entrez-ref.1000.sig.zip,"NC_057276.1 Austrosteenisia blackii chloroplast, complete genome",e3f5f3096ec7b31e4b151c94b6beaf80,0.0078125,1000,2,0,input/weight_loss/ERR11520690_2.fastq.gz,ERR11520690,883c07cf,172300,31,DNA,1000,1723,True,0.7863279279188118,0.8551168905573541,0.8207224092380829,0.8551168905573541,True,2,7941,13927
