intersect_bp,f_orig_query,f_match,f_unique_to_query,f_unique_weighted,average_abund,median_abund,std_abund,filename,name,md5,f_match_orig,unique_intersect_bp,gather_result_rank,remaining_bp,query_filename,query_name,query_md5,query_bp,ksize,moltype,scaled,query_n_hashes,query_abundance,query_containment_ani,match_containment_ani,average_containment_ani,max_containment_ani,potential_false_negative,n_unique_weighted_found,sum_weighted_found,total_weighted_hashes
1000,0.0003056234718826406,0.007751937984496124,0.0003056234718826406,0.00196078431372549,18.0,18.0,0.0,/home/sjnair/2023-dietary-plants/db/Sketched-db/db.plant-entrez-ref.1000.sig.zip,"NC_072696.1 Capsicum baccatum chloroplast, complete genome",b6a57e1e6dfa3010ce76aa25768b884b,0.007751937984496124,1000,0,2000,input/weight_loss/ERR11520722_2.fastq.gz,ERR11520722,361e9d43,327200,51,DNA,1000,3272,True,0.8532613859985355,0.9091088551799642,0.8811851205892498,0.9091088551799642,True,18,18,9180
1000,0.0003056234718826406,0.008,0.0003056234718826406,0.00196078431372549,18.0,18.0,0.0,/home/sjnair/2023-dietary-plants/db/Sketched-db/db.plant-entrez-ref.1000.sig.zip,"NC_061055.1 Solidago canadensis voucher ZZUZSX20200707002 chloroplast, complete genome",e23c1c96affecf7df7e6998d2a5ebc3a,0.008,1000,1,1000,input/weight_loss/ERR11520722_2.fastq.gz,ERR11520722,361e9d43,327200,51,DNA,1000,3272,True,0.8532613859985355,0.9096705132580012,0.8814659496282684,0.9096705132580012,True,18,36,9180
1000,0.0003056234718826406,0.008928571428571428,0.0003056234718826406,0.044335511982570804,407.0,407.0,0.0,/home/sjnair/2023-dietary-plants/db/Sketched-db/db.plant-entrez-ref.1000.sig.zip,"NC_054176.1 Mucuna pruriens plastid, complete genome",9ec03b0e25c7aff0f1ef919958b69d5e,0.008928571428571428,1000,2,0,input/weight_loss/ERR11520722_2.fastq.gz,ERR11520722,361e9d43,327200,51,DNA,1000,3272,True,0.8532613859985355,0.9116313558407262,0.8824463709196309,0.9116313558407262,True,407,443,9180
