intersect_bp,f_orig_query,f_match,f_unique_to_query,f_unique_weighted,average_abund,median_abund,std_abund,filename,name,md5,f_match_orig,unique_intersect_bp,gather_result_rank,remaining_bp,query_filename,query_name,query_md5,query_bp,ksize,moltype,scaled,query_n_hashes,query_abundance,query_containment_ani,match_containment_ani,average_containment_ani,max_containment_ani,potential_false_negative,n_unique_weighted_found,sum_weighted_found,total_weighted_hashes
1000,0.0002927400468384075,0.008620689655172414,0.0002927400468384075,0.0016308376575240918,11.0,11.0,0.0,/home/sjnair/2023-dietary-plants/db/Sketched-db/db.plant-entrez-ref.1000.sig.zip,"NC_071812.1 Seselopsis tianschanica voucher 16CS13419 chloroplast, complete genome",8457546dd89dafca8b40c24c67be56db,0.008620689655172414,1000,0,2000,input/weight_loss/ERR11520716_2.fastq.gz,ERR11520716,88caf3ed,341600,51,DNA,1000,3416,True,0.8525411216826101,0.9110043098748272,0.8817727157787186,0.9110043098748272,True,11,11,6745
1000,0.0002927400468384075,0.008,0.0002927400468384075,0.08702742772424017,587.0,587.0,0.0,/home/sjnair/2023-dietary-plants/db/Sketched-db/db.plant-entrez-ref.1000.sig.zip,"NC_062369.1 Tordylium lanatum chloroplast, complete genome",9f9b91fa541da939e65a84030ae49307,0.008,1000,1,1000,input/weight_loss/ERR11520716_2.fastq.gz,ERR11520716,88caf3ed,341600,51,DNA,1000,3416,True,0.8525411216826101,0.9096705132580012,0.8811058174703057,0.9096705132580012,True,587,598,6745
1000,0.0002927400468384075,0.008928571428571428,0.0002927400468384075,0.026389918458117122,178.0,178.0,0.0,/home/sjnair/2023-dietary-plants/db/Sketched-db/db.plant-entrez-ref.1000.sig.zip,"NC_054176.1 Mucuna pruriens plastid, complete genome",9ec03b0e25c7aff0f1ef919958b69d5e,0.008928571428571428,1000,2,0,input/weight_loss/ERR11520716_2.fastq.gz,ERR11520716,88caf3ed,341600,51,DNA,1000,3416,True,0.8525411216826101,0.9116313558407262,0.8820862387616681,0.9116313558407262,True,178,776,6745
