intersect_bp,f_orig_query,f_match,f_unique_to_query,f_unique_weighted,average_abund,median_abund,std_abund,filename,name,md5,f_match_orig,unique_intersect_bp,gather_result_rank,remaining_bp,query_filename,query_name,query_md5,query_bp,ksize,moltype,scaled,query_n_hashes,query_abundance,query_containment_ani,match_containment_ani,average_containment_ani,max_containment_ani,potential_false_negative,n_unique_weighted_found,sum_weighted_found,total_weighted_hashes
1000,0.00045475216007276033,0.007633587786259542,0.00045475216007276033,0.18079837699146728,3030.0,3030.0,0.0,/home/sjnair/2023-dietary-plants/db/Sketched-db/db.plant-entrez-ref.1000.sig.zip,"NC_080274.1 Camellia uraku chloroplast, complete genome",e41a59c62c754817db6a3c4f403c82f4,0.007633587786259542,1000,0,3000,input/weight_loss/ERR11520689_2.fastq.gz,ERR11520689,46af863a,219900,31,DNA,1000,2199,True,0.7801646765812899,0.8544780794900124,0.8173213780356512,0.8544780794900124,True,3030,3030,16759
1000,0.00045475216007276033,0.012048192771084338,0.00045475216007276033,0.001014380332955427,17.0,17.0,0.0,/home/sjnair/2023-dietary-plants/db/Sketched-db/db.plant-entrez-ref.1000.sig.zip,"NC_062485.1 Solanum ternatum voucher BM:Clark 9878 chloroplast, complete genome",0cc94d5af88adae1dec63ad21f40bb4b,0.012048192771084338,1000,1,2000,input/weight_loss/ERR11520689_2.fastq.gz,ERR11520689,46af863a,219900,31,DNA,1000,2199,True,,,,,True,17,3047,16759
1000,0.00045475216007276033,0.007462686567164179,0.00045475216007276033,0.00011933886270063847,2.0,2.0,0.0,/home/sjnair/2023-dietary-plants/db/Sketched-db/db.plant-entrez-ref.1000.sig.zip,"NC_044471.1 Atropanthe sinensis chloroplast, complete genome",af816136933fb60b4c348d5cf141fa3c,0.007462686567164179,1000,2,1000,input/weight_loss/ERR11520689_2.fastq.gz,ERR11520689,46af863a,219900,31,DNA,1000,2199,True,0.7801646765812899,0.85385419445656,0.8170094355189249,0.85385419445656,True,2,3049,16759
1000,0.00045475216007276033,0.009900990099009901,0.00045475216007276033,5.9669431350319234e-05,1.0,1.0,0.0,/home/sjnair/2023-dietary-plants/db/Sketched-db/db.plant-entrez-ref.1000.sig.zip,"NC_029719.2 Utricularia reniformis chloroplast, complete genome",477a3c397bd168baa1a2cb256a0c4ec4,0.009900990099009901,1000,3,0,input/weight_loss/ERR11520689_2.fastq.gz,ERR11520689,46af863a,219900,31,DNA,1000,2199,True,0.7801646765812899,0.8616769423836175,0.8209208094824536,0.8616769423836175,True,1,3050,16759
