intersect_bp,f_orig_query,f_match,f_unique_to_query,f_unique_weighted,average_abund,median_abund,std_abund,filename,name,md5,f_match_orig,unique_intersect_bp,gather_result_rank,remaining_bp,query_filename,query_name,query_md5,query_bp,ksize,moltype,scaled,query_n_hashes,query_abundance,query_containment_ani,match_containment_ani,average_containment_ani,max_containment_ani,potential_false_negative,n_unique_weighted_found,sum_weighted_found,total_weighted_hashes
1000,0.0008058017727639,0.007633587786259542,0.0008058017727639,0.5932348167762876,6945.0,6945.0,0.0,/home/sjnair/2023-dietary-plants/db/Sketched-db/db.plant-entrez-ref.1000.sig.zip,"NC_080274.1 Camellia uraku chloroplast, complete genome",e41a59c62c754817db6a3c4f403c82f4,0.007633587786259542,1000,0,2000,input/weight_loss/ERR11520697_2.fastq.gz,ERR11520697,519b6ba7,124100,31,DNA,1000,1241,True,0.7946957863044184,0.8544780794900124,0.8245869328972154,0.8544780794900124,True,6945,6945,11707
1000,0.0008058017727639,0.007042253521126761,0.0008058017727639,0.00017083796019475527,2.0,2.0,0.0,/home/sjnair/2023-dietary-plants/db/Sketched-db/db.plant-entrez-ref.1000.sig.zip,"NC_070468.1 Saxifraga granulifera chloroplast, complete genome",90ba40c0fb8d1eb846a2bba12e59ac92,0.007042253521126761,1000,1,1000,input/weight_loss/ERR11520697_2.fastq.gz,ERR11520697,519b6ba7,124100,31,DNA,1000,1241,True,0.7946957863044184,0.8522585046530632,0.8234771454787408,0.8522585046530632,True,2,6947,11707
1000,0.0008058017727639,0.007194244604316547,0.0008058017727639,0.0005125138805842658,6.0,6.0,0.0,/home/sjnair/2023-dietary-plants/db/Sketched-db/db.plant-entrez-ref.1000.sig.zip,"NC_065240.1 Geum urbanum chloroplast, complete genome",888825dc3c1c00263fb50d526d9a5943,0.007194244604316547,1000,2,0,input/weight_loss/ERR11520697_2.fastq.gz,ERR11520697,519b6ba7,124100,31,DNA,1000,1241,True,0.7946957863044184,0.8528457514591357,0.823770768881777,0.8528457514591357,True,6,6953,11707
